entry_time,exit_time,side,entry_price,exit_price,size,pnl,pnl_pct,exit_reason,confidence,regime,bars_held,ind_rsi_value,ind_macd_line,ind_macd_signal,ind_macd_hist,ind_volume,ind_atr_pct,ind_trend_bias,ind_efficiency_ratio,ind_base_regime_code,ind_htf_alignment_score,ind_entry_tf_state_code,ind_trend_tf_state_code,ind_anchor_tf_state_code,ind_regime_confidence,ind_regime_score_bull,ind_regime_score_bear,ind_regime_score_range,ind_regime_score_chop,ind_rsi,ind_bollinger,ind_macd,ind_reversal_bar,ind_entry_tf_neutrality,ind_bb_pos,ind_in_midzone,ind_quality_rr_ratio,ind_quality_atr_pct,ind_quality_volume_score,ind_quality_trend_extension_atr,ind_quality_bb_pos
2025-04-14 20:15:00+00:00,2025-04-14 20:25:00+00:00,buy,84847.6026,84573.02661857143,1.3,-0.489096866647627,-0.44341660510242054,stop_loss,0.7096774193548387,range,2,44.55113178350902,17.095371932751732,57.81521540181904,-40.71984346906731,0.3,0.18657043267562115,0.0010451553124892485,0.10861259687806939,0.0,0.0,0.0,0.0,0.0,0.6394916558781002,0.7105083441218998,0.0,1.0,0.4339525919121322,0.0,1.0,0.0,0.5,0.4,0.10335412533404789,0.0,0.7984063924879156,0.18657043267562115,0.3,0.0,0.10335412533404789
2025-04-16 23:45:00+00:00,2025-04-16 23:50:00+00:00,buy,84201.2796,83999.95615428571,1.3,-0.3929174433169102,-0.35895438715738226,stop_loss,0.7096774193548387,range,1,38.14329723811798,-66.85556671915401,-37.06587373115063,-29.78969298800338,0.3,0.11607253192249421,-0.0005020762449763755,0.17326701103245878,0.0,0.0,0.0,0.0,0.0,0.7831391248549862,0.15508500415689785,0.5668608751450138,1.0,0.29373519614072974,0.0,1.0,0.0,0.5,0.4,0.089782762614519,0.0,1.3333333333333748,0.11607253192249421,0.3,0.0,0.089782762614519
2025-04-17 13:45:00+00:00,2025-04-17 14:00:00+00:00,buy,84491.0244,84220.97701714287,1.3,-0.48265695881963616,-0.4394248813338004,stop_loss,0.7096774193548387,range,3,46.418467750275234,-21.440867162993527,19.057181166557477,-40.498048329551004,0.3,0.18323866904308372,0.00044659988507223853,0.1304256767370054,0.0,0.0,0.0,0.0,0.0,0.8545625370044275,0.4954374629955724,0.048002856741950095,1.0,0.39789234565940684,0.0,1.0,0.0,0.5,0.4,0.04480948401190647,0.0,1.2925744707040976,0.18323866904308372,0.3,0.0,0.04480948401190647
2025-04-22 05:20:00+00:00,2025-04-22 05:30:00+00:00,buy,88099.8279,88154.670615,1.2,-0.0610919809308101,-0.05778670097607355,take_profit,0.7096774193548387,range,2,46.81307565625219,-15.396704673112254,14.310814552779366,-29.70751922589162,0.3,0.1271271820173764,0.0012075398041766457,0.025707473826062623,0.0,0.0,0.0,0.0,0.0,0.6616171715968974,0.6883828284031026,0.0,1.0,0.5304224503971572,0.0,1.0,0.0,0.5,0.4,0.11587117475963145,0.0,1.0643078951845104,0.1271271820173764,0.3,0.0,0.11587117475963145
2025-04-23 10:20:00+00:00,2025-04-23 11:50:00+00:00,buy,93621.3873,93349.17920428573,1.2,-0.461268522740216,-0.41057972617422084,stop_loss,0.9354838709677419,range,18,33.33684377339476,-112.83882512577111,-14.97806644556115,-97.86075868020995,0.0,0.1591625444145267,0.0008441826107905872,0.09630943931866366,0.0,0.0,0.0,0.0,0.0,0.6425365626559459,0.707463437344054,0.0,1.0,0.4379739791293743,1.0,1.0,0.0,0.5,0.4,0.09008411898414026,0.0,1.3333333333333606,0.1591625444145267,0.0,0.0,0.09008411898414026
2025-04-23 13:40:00+00:00,2025-04-23 13:45:00+00:00,buy,93490.02165,93729.20695250001,1.2,0.15222451840621964,0.13568695685344984,take_profit,0.7419354838709676,range,1,42.126066900498,55.14855317438196,48.05610018232429,7.092452992057666,0.3,0.25124479611853373,0.00040671037152977067,0.035875717717964495,0.0,0.0,0.0,0.0,0.0,0.7666910284140042,0.3446596229124367,0.0,1.0,0.5833089715859958,0.0,1.0,0.6,0.0,0.4,-0.029164020660484246,0.0,1.1812730720863265,0.25124479611853373,0.3,0.0,-0.029164020660484246
2025-04-24 17:30:00+00:00,2025-04-24 17:40:00+00:00,buy,92935.64459999999,92652.50485857142,1.2,-0.47339115732444365,-0.4244793618224962,stop_loss,0.7096774193548387,range,2,42.5599665884964,-42.50801482165116,34.46770304805761,-76.97571786970877,0.3,0.17076412389322912,0.001263247927313912,0.024241675927066966,0.0,0.0,0.0,0.0,0.0,0.6663458871767992,0.6836541128232008,0.0,1.0,0.5568671060449272,0.0,1.0,0.0,0.5,0.4,0.03760254269950361,0.0,1.333333333333308,0.17076412389322912,0.3,0.0,0.03760254269950361
2025-04-24 21:35:00+00:00,2025-04-24 22:05:00+00:00,buy,93273.4134,93370.2865025,1.2,-0.018135740929798153,-0.016203028162683774,take_profit,0.7096774193548387,range,6,40.18490124073998,-14.041156968101859,22.303267516940625,-36.34442448504248,0.3,0.1350393418446833,0.0007511969545952065,0.05448136958711483,0.0,0.0,0.0,0.0,0.0,0.8245498658091583,0.5254501341908416,0.0,1.0,0.4899171751252226,0.0,1.0,0.0,0.5,0.4,0.060609292088392344,0.0,1.2589739952717656,0.1350393418446833,0.3,0.0,0.060609292088392344
2025-04-26 07:55:00+00:00,2025-04-26 08:10:00+00:00,buy,94567.26,94392.28596142857,1.1,-0.31718474276311026,-0.30491500562486645,stop_loss,0.7419354838709676,range,3,47.018878049272324,12.36658152237942,12.36468140925643,0.001900113122989211,0.3,0.07096759567136252,-0.00017523143427128557,0.10567514677102931,0.0,0.0,0.0,0.0,0.0,0.9757273976389794,0.12632039937137982,0.3139927121745757,1.0,0.3742726023610206,0.0,1.0,0.6,0.0,0.4,-0.07580398557624148,0.0,1.3333333333333333,0.07096759567136252,0.3,0.0,-0.07580398557624148
2025-05-01 22:40:00+00:00,2025-05-01 23:00:00+00:00,buy,96472.41209999999,96239.17919571429,1.1,-0.3837458449694434,-0.361616187953831,stop_loss,0.7096774193548387,range,4,45.15302249897857,-24.097878524218686,-16.556651031859438,-7.541227492359248,0.3,0.11829425156162808,-0.0004308073911314098,0.036126629422721025,0.0,0.0,0.0,0.0,0.0,0.8407480442443784,0.0,0.1962316476845195,1.0,0.5092519557556215,0.0,1.0,0.0,0.5,0.4,0.11928697545889502,0.0,0.8997850001042477,0.11829425156162808,0.3,0.0,0.11928697545889502
2025-05-05 20:15:00+00:00,2025-05-05 20:30:00+00:00,buy,94242.99794999999,94020.93744285715,1.1,-0.36852075521641364,-0.35548409501605616,stop_loss,0.9354838709677419,range,3,31.96358416397632,-63.86742140236311,2.505278850097163,-66.37270025246028,0.0,0.11317599052309153,0.00068093957429863,0.14132094258214017,0.0,0.0,0.0,0.0,0.0,0.7688561058756085,0.5811438941243915,0.007693366634525911,1.0,0.3420641140997512,1.0,1.0,0.0,0.5,0.4,0.09428168842065597,0.0,1.3333333333333333,0.11317599052309153,0.0,0.0,0.09428168842065597
2025-05-06 20:40:00+00:00,2025-05-06 21:10:00+00:00,buy,94709.33099999999,94499.27815285715,1.1,-0.3559358138980104,-0.34165378344247294,stop_loss,0.7096774193548387,range,6,35.501242355819315,-12.109498990132124,44.857721611667586,-56.96722060179971,0.3,0.10163227362314486,0.0013851753166848023,0.003218438538204503,0.0,0.0,0.0,0.0,0.0,0.6645986851221358,0.6854013148778642,0.0,1.0,0.55147445131726,0.0,1.0,0.0,0.5,0.4,0.0170399534267465,0.0,1.3333333333332913,0.10163227362314486,0.3,0.0,0.0170399534267465
2025-05-08 12:05:00+00:00,2025-05-08 12:35:00+00:00,buy,99436.19325,99227.70418571429,1.1,-0.36045614302184836,-0.3295454019677436,stop_loss,0.7096774193548387,range,6,40.05973974973766,-48.13128223513195,-18.941206649870953,-29.190075585260995,0.3,0.09152579647566496,0.0007747401829974171,0.0825605066726974,0.0,0.0,0.0,0.0,0.0,0.6990065693351121,0.6509934306648879,0.0,1.0,0.4218292795521077,0.0,1.0,0.0,0.5,0.4,0.11812292618961413,0.0,1.3333333333333333,0.09152579647566496,0.3,0.0,0.11812292618961413
2025-05-08 13:45:00+00:00,2025-05-08 13:55:00+00:00,buy,99135.54299999999,99257.66062857142,1.1,0.003389877033717889,0.0031085787206400735,take_profit,0.7419354838709676,range,2,43.34574502340554,-49.545741533496766,-56.32333198688137,6.7775904533846045,0.3,0.13959734833521242,-0.0004056503631943134,0.16872679180018857,0.0,0.0,0.0,0.0,0.0,0.9311444262488411,0.28417272541629346,0.4188555737511589,1.0,0.31378673206147756,0.0,1.0,0.6,0.0,0.4,-0.2561776992578972,0.0,1.3333333333333626,0.13959734833521242,0.3,0.0,-0.2561776992578972
2025-05-10 09:10:00+00:00,2025-05-10 09:35:00+00:00,buy,103494.5214,103644.74598857145,1.0,0.025941028138308155,0.025065122083175465,take_profit,0.7096774193548387,range,5,35.642256679727865,-11.91123372966831,52.58642470240837,-64.49765843207669,0.3,0.1533421645309566,0.00130761106035103,0.12548535928006693,0.0,0.0,0.0,0.0,0.0,0.42354266282220443,0.9264573371777955,0.0,1.0,0.389149864530761,0.0,1.0,0.0,0.5,0.4,0.03782224556184996,0.0,1.3333333333334099,0.1533421645309566,0.3,0.0,0.03782224556184996
2025-05-10 14:25:00+00:00,2025-05-10 14:45:00+00:00,buy,103507.5279,103528.4148975,1.0,-0.10333456817850203,-0.09983290131161757,take_profit,0.7096774193548387,range,4,44.224372080243086,-24.307852917641867,-10.45953624543398,-13.848316672207886,0.3,0.08443219229854741,-0.0001591192399072566,0.03816551614695323,0.0,0.0,0.0,0.0,0.0,0.8627476925727519,0.04489754439715461,0.11412543954848385,1.0,0.4872523074272482,0.0,1.0,0.0,0.5,0.4,0.04281625915765994,0.0,1.186844113718527,0.08443219229854741,0.3,0.0,0.04281625915765994
2025-05-10 17:45:00+00:00,2025-05-10 18:15:00+00:00,buy,103266.50744999999,103147.20060000001,1.0,-0.24315507482997903,-0.23546363756681796,stale_trade,0.7419354838709676,range,6,49.49782821826403,21.842363220319385,6.022942699835525,15.81942052048386,0.3,0.11129345527770643,-0.0002528099154669929,0.030747803728301715,0.0,0.0,0.0,0.0,0.0,0.8363162509242918,0.0,0.15573037453841995,1.0,0.5136837490757081,0.0,1.0,0.6,0.0,0.4,0.07124615308167324,0.0,1.1224142934128682,0.11129345527770643,0.3,0.0,0.07124615308167324
2025-05-11 13:30:00+00:00,2025-05-11 13:40:00+00:00,buy,104457.60269999999,104194.62805285715,1.0,-0.3881659855945514,-0.37160146850139364,stop_loss,0.7096774193548387,range,2,38.53544049422965,1.3913002089393558,50.51962934790722,-49.128329138967864,0.3,0.12662864455012898,0.0013011909096008799,0.13833185448091587,0.0,0.0,0.0,0.0,0.0,0.42131661725234515,0.9286833827476548,0.0,1.0,0.35429228034316756,0.0,1.0,0.0,0.5,0.4,0.11112375222787814,0.0,1.1780755308230273,0.12662864455012898,0.3,0.0,0.11112375222787814
2025-05-11 15:50:00+00:00,2025-05-11 17:20:00+00:00,buy,103914.63135,103716.3159,1.0,-0.32289401834999454,-0.3107300811783081,max_hold_bars,0.7419354838709676,range,18,42.88128563561877,-8.12736282584956,-10.95707077330939,2.8297079474598306,0.3,0.1758984285435059,-0.00025418218632133004,0.14525705033059477,0.0,0.0,0.0,0.0,0.0,0.979446535166488,0.25448846422104376,0.3507492454897678,1.0,0.3705534648335119,0.0,1.0,0.6,0.0,0.4,0.09096524639179333,0.0,1.3333333333333555,0.1758984285435059,0.3,0.0,0.09096524639179333
2025-05-13 01:35:00+00:00,2025-05-13 02:05:00+00:00,buy,102248.49869999998,102411.63356750002,1.0,0.0403387881395336,0.039451716800154454,take_profit,0.7419354838709676,range,6,48.33861450769192,-42.08064281876432,-57.07773768870386,14.997094869939545,0.3,0.21673741210637554,-0.00021855910407297992,0.15768261964735328,0.0,0.0,0.0,0.0,0.0,0.7906919766929306,0.09770289189023593,0.5593080233070694,1.0,0.3737047475495623,0.0,1.0,0.6,0.0,0.4,0.004417810801517071,0.0,0.9987396538751248,0.21673741210637554,0.3,0.0,0.004417810801517071
2025-05-13 14:40:00+00:00,2025-05-13 15:05:00+00:00,buy,103144.1463,103397.35545999999,1.0,0.12928425894399856,0.125343282756899,take_profit,0.7096774193548387,range,5,40.99639290186013,-102.98953060680651,-58.67735863537312,-44.31217197143339,0.3,0.25497188242137925,9.301378642780796e-05,0.13215366399158063,0.0,0.0,0.0,0.0,0.0,0.9149252899703589,0.37371816284757,0.17692210378401596,1.0,0.4350747100296411,0.0,1.0,0.0,0.5,0.4,0.0982708584608967,0.0,1.1301449275361952,0.25497188242137925,0.3,0.0,0.0982708584608967
2025-05-16 07:05:00+00:00,2025-05-16 07:10:00+00:00,buy,103892.32019999999,103880.03899750001,1.0,-0.13694461801847302,-0.13181399525474552,take_profit,0.7419354838709676,range,1,47.027901491150104,-0.9578557770728366,-2.979073691920703,2.0212179148478664,0.3,0.10069023506953474,0.00012742348890292904,0.027722244435562343,0.0,0.0,0.0,0.0,0.0,0.8374102056163455,0.1770296590271568,0.0,1.0,0.5125897943836545,0.0,1.0,0.6,0.0,0.4,0.06391251773011214,0.0,0.7301031561689479,0.10069023506953474,0.3,0.0,0.06391251773011214
2025-05-17 00:15:00+00:00,2025-05-17 00:25:00+00:00,buy,103393.2708,103194.4398257143,1.0,-0.32278360066112316,-0.3121901436753108,stop_loss,0.7419354838709676,range,2,48.98818054273986,-25.565955489801127,-26.800960311551574,1.2350048217504472,0.3,0.07703991975572869,-0.0007730399250695457,0.14797206952905528,0.0,0.0,0.0,0.0,0.0,0.6849928915789023,0.0,0.6650071084210977,1.0,0.311538047285476,0.0,1.0,0.6,0.0,0.4,0.07317654427260128,0.0,1.333333333333435,0.07703991975572869,0.3,0.0,0.07317654427260128
2025-05-21 02:15:00+00:00,2025-05-21 02:30:00+00:00,buy,106278.81284999999,106453.16679,1.0,0.046714752216015426,0.043954905934024485,take_profit,0.7096774193548387,range,3,40.9480012920064,-92.19928923933185,-31.207281222306207,-60.99200801702564,0.3,0.16516718647182482,6.047595569113375e-05,0.10621079046424078,0.0,0.0,0.0,0.0,0.0,0.9243186025481686,0.3682277634159049,0.07431719685176505,1.0,0.4256813974518315,0.0,1.0,0.0,0.5,0.4,-0.019809145129783722,0.0,1.3333333333332873,0.16516718647182482,0.3,0.0,-0.019809145129783722
2025-05-22 08:30:00+00:00,2025-05-22 09:00:00+00:00,buy,110459.50215,110340.2023,0.9,-0.22660170540299623,-0.2279384460090071,stale_trade,0.7419354838709676,range,6,43.88961258724967,-8.923627047377522,-21.477189355913293,12.55356230853577,0.3,0.1728775833135874,0.0003374275374758236,0.037495201126132506,0.0,0.0,0.0,0.0,0.0,0.8128606621073617,0.45121436105525203,0.0,1.0,0.5371393378926382,0.0,1.0,0.6,0.0,0.4,-0.1969292991050164,0.0,1.3333333333333122,0.1728775833135874,0.3,0.0,-0.1969292991050164
2025-05-26 11:00:00+00:00,2025-05-26 11:30:00+00:00,buy,109585.3653,109526.10955,0.9,-0.17165037141901007,-0.17404024195009107,stale_trade,0.7096774193548387,range,6,43.23936546887382,-28.34799870500865,-16.407321000788023,-11.940677704220626,0.3,0.08891187876786193,6.372894112743847e-05,0.08620591419291943,0.0,0.0,0.0,0.0,0.0,0.9353298729990817,0.3098657553701989,0.049325553766965374,1.0,0.41467012700091826,0.0,1.0,0.0,0.5,0.4,0.029549270975643575,0.0,1.3333333333332917,0.08891187876786193,0.3,0.0,0.029549270975643575
2025-05-26 14:00:00+00:00,2025-05-26 14:30:00+00:00,buy,109612.27875,109426.75925,0.9,-0.2852486305199954,-0.2891491048396755,stale_trade,0.7096774193548387,range,6,41.674984286008666,-13.976765249186428,9.973582213291376,-23.950347462477804,0.3,0.15928361167162652,3.944015847031481e-05,0.05493601462522609,0.0,0.0,0.0,0.0,0.0,0.8473338637901955,0.18654214212426695,0.04235791881417511,1.0,0.5026661362098045,0.0,1.0,0.0,0.5,0.4,0.11040304568781806,0.0,0.7675426029771264,0.15928361167162652,0.3,0.0,0.11040304568781806
2025-06-01 06:25:00+00:00,2025-06-01 06:55:00+00:00,buy,104307.62775,104127.88715428572,1.0,-0.30480190465684787,-0.2922143962351285,stop_loss,0.9032258064516128,range,6,33.27011113383881,-26.802755655837245,17.62365484636937,-44.426410502206615,0.3,0.06036680490306179,0.00021335064322192397,0.11824938067712536,0.0,0.0,0.0,0.0,0.0,1.0,0.32064702281918817,0.17205873000216748,1.0,0.34878429860324767,1.0,1.0,0.0,0.5,0.0,0.04444644762295849,0.0,1.333333333333269,0.06036680490306179,0.3,0.0,0.04444644762295849
2025-06-01 09:05:00+00:00,2025-06-01 09:15:00+00:00,buy,104174.36115,103987.58305571429,1.0,-0.31167526080913477,-0.2991861503814317,stop_loss,0.7419354838709676,range,2,48.940221462624955,-3.805909828224685,-14.441768536103408,10.635858707878723,0.3,0.0661859041860244,-0.0002922759093522883,0.016101946063422762,0.0,0.0,0.0,0.0,0.0,0.8384343849344444,0.0,0.17434873855543107,1.0,0.5115656150655555,0.0,1.0,0.6,0.0,0.4,-0.19752841258387754,0.0,1.3333333333332746,0.0661859041860244,0.3,0.0,-0.19752841258387754
2025-06-01 18:35:00+00:00,2025-06-01 18:55:00+00:00,buy,104436.3921,104524.26600857143,1.0,-0.03750248629370957,-0.03590940431741472,take_profit,0.8709677419354839,range,4,31.13341461244839,-42.76570735339192,21.628023763443288,-64.3937311168352,0.3,0.1151720553220008,0.0011624603437111025,0.038932241695451474,0.0,0.0,0.0,0.0,0.0,0.6985430274882917,0.6514569725117083,0.0,1.0,0.5030689194543491,1.0,1.0,0.0,0.0,0.4,-0.4510133219092572,0.0,1.3333333333332997,0.1151720553220008,0.3,0.0,-0.4510133219092572
2025-06-06 19:40:00+00:00,2025-06-06 19:50:00+00:00,buy,104277.21255,104022.46275,1.0,-0.3797296051799905,-0.36415396604307343,stop_loss,0.8709677419354839,range,2,32.74821155255093,-103.66685045452323,-71.31327883900283,-32.353571615520394,0.3,0.12041245343012483,-0.0004363220536916403,0.14013885317562216,0.0,0.0,0.0,0.0,0.0,0.970493393677908,0.204405281909667,0.379506606322092,1.0,0.34796063553599516,1.0,1.0,0.0,0.0,0.4,0.067487638850015,0.0,1.333333333333301,0.12041245343012483,0.3,0.0,0.067487638850015
2025-06-11 12:15:00+00:00,2025-06-11 12:20:00+00:00,buy,109156.1508,108944.28632142859,0.9,-0.30845226675984333,-0.3139765723987679,stop_loss,0.7419354838709676,range,1,56.26049441899338,-14.236095988628222,-30.8322678566379,16.596171868009677,0.3,0.07853099443873643,-0.0006398485909721215,0.09170696758014835,0.0,0.0,0.0,0.0,0.0,0.8249750393861733,0.0,0.5250249606138266,1.0,0.4002487537185621,0.0,1.0,0.6,0.0,0.4,-0.06754811707266445,0.0,1.3333333333333806,0.07853099443873643,0.3,0.0,-0.06754811707266445
2025-06-14 06:10:00+00:00,2025-06-14 06:15:00+00:00,buy,105244.9962,105075.04476714287,1.0,-0.2961434574374098,-0.281384833607329,stop_loss,0.7419354838709676,range,1,48.575989764663724,-13.69370602259005,-15.835183647659692,2.1414776250696423,0.3,0.051327716776930356,-0.0005819350849196137,0.03796368690817255,0.0,0.0,0.0,0.0,0.0,0.8808190638688903,0.0,0.34557086523020064,1.0,0.4691809361311097,0.0,1.0,0.6,0.0,0.4,0.022676281904335998,0.0,1.071206508797785,0.051327716776930356,0.3,0.0,0.022676281904335998
2025-06-16 10:55:00+00:00,2025-06-16 11:00:00+00:00,buy,106832.08935,106615.53128142857,1.0,-0.34462664095028017,-0.3225871955206501,stop_loss,0.7096774193548387,range,1,36.20985387959795,-17.751365090181935,15.66755863740556,-33.4189237275875,0.3,0.08571800502213454,0.001070736117258976,0.13457884737174994,0.0,0.0,0.0,0.0,0.0,0.4472874665912061,0.9027125334087939,0.0,1.0,0.337350541529685,0.0,1.0,0.0,0.5,0.4,0.08158266331048016,0.0,1.3333333333333333,0.08571800502213454,0.3,0.0,0.08158266331048016
2025-06-18 06:45:00+00:00,2025-06-18 07:05:00+00:00,buy,105000.77415,104773.19576714287,1.0,-0.3534427648074151,-0.33660967518439494,stop_loss,0.8709677419354839,range,4,33.944295394663115,-8.010743614009698,40.10703818935419,-48.11778180336389,0.3,0.0974221184553365,0.0011625600831445388,0.10559450565173198,0.0,0.0,0.0,0.0,0.0,0.5441330490315436,0.8058669509684564,0.0,1.0,0.3890857124582141,1.0,1.0,0.0,0.0,0.4,-0.4336046190230724,0.0,1.3333333333334123,0.0974221184553365,0.3,0.0,-0.4336046190230724
2025-06-18 23:45:00+00:00,2025-06-18 23:55:00+00:00,buy,104693.52059999999,104724.70859428571,1.0,-0.09446294323085194,-0.0902280701704208,take_profit,0.7096774193548387,range,2,40.48611475900301,5.115061339965905,52.131371262392065,-47.01630992242616,0.3,0.08116852089398315,0.0012170038920203965,0.11698488025603974,0.0,0.0,0.0,0.0,0.0,0.5717205252868109,0.778279474713189,0.0,1.0,0.36233933486620173,0.0,1.0,0.0,0.5,0.4,0.0942521042042845,0.0,1.3333333333333333,0.08116852089398315,0.3,0.0,0.0942521042042845
2025-06-20 01:15:00+00:00,2025-06-20 01:25:00+00:00,buy,104533.8408,104304.10757142858,1.0,-0.3550359975942791,-0.33963737951000367,stop_loss,0.7096774193548387,range,2,43.884956908718756,3.7333795625454513,25.80397317122795,-22.070593608682497,0.3,0.09994924601898561,0.0006368534420491558,0.08249783704005056,0.0,0.0,0.0,0.0,0.0,0.9038557094516073,0.44614429054839266,0.0,1.0,0.4266308667272681,0.0,1.0,0.0,0.5,0.4,0.10189278815221534,0.0,0.9090743274054,0.09994924601898561,0.3,0.0,0.10189278815221534
2025-06-20 13:55:00+00:00,2025-06-20 14:10:00+00:00,buy,105668.50785,105361.11880142859,1.0,-0.43400682456226447,-0.41072485397290914,stop_loss,0.7096774193548387,range,3,35.014232592385355,-54.66775561981194,-8.019292029920058,-46.64846358989188,0.3,0.15928367792721176,0.0004241744875539276,0.1348555305919884,0.0,0.0,0.0,0.0,0.0,0.7485940889009309,0.601405911099069,0.0,1.0,0.3777996979094776,0.0,1.0,0.0,0.5,0.4,-0.03947257574839865,0.0,1.3333333333333814,0.15928367792721176,0.3,0.0,-0.03947257574839865
2025-06-21 18:40:00+00:00,2025-06-21 18:45:00+00:00,buy,103151.54999999999,102929.72653428573,1.0,-0.34547223163483165,-0.33491715018807927,stop_loss,0.7419354838709676,range,1,50.064199844551425,-60.194404986090376,-68.15811971163696,7.9637147255465806,0.3,0.09600942219758822,-0.0011434330151194332,0.10704206864868918,0.0,0.0,0.0,0.0,0.0,0.5674611487596684,0.0,0.7825388512403316,1.0,0.38597088570202287,0.0,1.0,0.6,0.0,0.4,0.10358176884298294,0.0,1.3333333333332924,0.09600942219758822,0.3,0.0,0.10358176884298294
2025-06-26 13:45:00+00:00,2025-06-26 13:50:00+00:00,buy,107034.79065,106777.03620285715,0.9,-0.34743738892909976,-0.3606692187747604,stop_loss,0.7419354838709676,range,1,53.737835912586085,-41.76161035460245,-56.15630493348546,14.394694578883005,0.3,0.11750384680046083,-0.0011883273415985464,0.0663680301779994,0.0,0.0,0.0,0.0,0.0,0.6353182636486542,0.0,0.7146817363513458,1.0,0.461446628631041,0.0,1.0,0.6,0.0,0.4,0.07593711398330266,0.0,0.9083612705266475,0.11750384680046083,0.3,0.0,0.07593711398330266
2025-06-27 07:35:00+00:00,2025-06-27 07:40:00+00:00,buy,107094.92069999999,106861.77952428571,0.9,-0.3253636762639643,-0.3375652117634457,stop_loss,0.7419354838709676,range,1,42.79322736140047,10.149830580237904,8.84918013610862,1.3006504441292837,0.3,0.0982196741501101,0.00030694892279516,0.1549647807316579,0.0,0.0,0.0,0.0,0.0,0.8723316636356554,0.4776683363643446,0.16801825001756332,1.0,0.31235709808843537,0.0,1.0,0.6,0.0,0.4,-0.1415733559963987,0.0,1.3333333333333333,0.0982196741501101,0.3,0.0,-0.1415733559963987
2025-06-27 12:35:00+00:00,2025-06-27 12:40:00+00:00,buy,106858.50255,106628.08214571429,0.9,-0.32266111959283045,-0.3355019456083,stop_loss,0.7419354838709676,range,1,48.13099301521874,10.752947061075247,-0.49306779080641494,11.246014851881661,0.3,0.09649753215369716,-0.0001972547701832148,0.1098089171974588,0.0,0.0,0.0,0.0,0.0,0.9680310146568843,0.11306929072905503,0.3444678642603567,1.0,0.38196898534311563,0.0,1.0,0.6,0.0,0.4,-0.055969452145506984,0.0,1.2049518331137326,0.09649753215369716,0.3,0.0,-0.055969452145506984
2025-06-27 13:45:00+00:00,2025-06-27 13:50:00+00:00,buy,106547.14695,106281.62117714286,0.9,-0.35390073036007463,-0.36906012501484087,stop_loss,0.7419354838709676,range,1,48.84769610911693,-41.494639336990076,-52.71746382828977,11.222824491299697,0.3,0.12450746675899596,-0.0007737414205554428,0.06883262598175727,0.0,0.0,0.0,0.0,0.0,0.7990301907877078,0.0,0.5509698092122922,1.0,0.46141900281498616,0.0,1.0,0.6,0.0,0.4,-0.06902366315192884,0.0,1.3333333333333028,0.12450746675899596,0.3,0.0,-0.06902366315192884
2025-06-27 23:40:00+00:00,2025-06-28 00:00:00+00:00,buy,107003.97524999999,106826.54286571429,0.9,-0.27515762563961343,-0.28571900664515365,stop_loss,0.7096774193548387,range,4,39.219356009080926,-17.09275403157517,7.161333967218589,-24.254087998793757,0.3,0.054945311816481,0.00031029274842401497,0.17000986517592606,0.0,0.0,0.0,0.0,0.0,0.8540780623717081,0.49592193762829184,0.21245250060473342,1.0,0.2648883840826553,0.0,1.0,0.0,0.5,0.4,0.024931292228013692,0.0,1.3333333333332646,0.054945311816481,0.3,0.0,0.024931292228013692
2025-06-28 10:45:00+00:00,2025-06-28 11:15:00+00:00,buy,107279.4129,107189.5784,0.9,-0.19666430530199747,-0.2036885632322445,stale_trade,0.7419354838709676,range,6,42.36613469576147,-12.105373202735791,-16.039985561209075,3.9346123584732844,0.3,0.02800498707267472,-3.985553082539611e-05,0.14536340852130583,0.0,0.0,0.0,0.0,0.0,1.0,0.3080759448388487,0.29760492399992566,1.0,0.2884257951490277,0.0,1.0,0.6,0.0,0.4,0.05813056924139346,0.0,0.9218997779889323,0.02800498707267472,0.3,0.0,0.05813056924139346
2025-07-01 07:15:00+00:00,2025-07-01 07:25:00+00:00,buy,106684.61564999999,106679.75058428572,0.9,-0.11959531690935876,-0.12455749561004588,take_profit,0.7419354838709676,range,2,52.87176263737447,-1.996178618108388,-30.59208283432989,28.595904216221502,0.3,0.059678269218994676,-0.0007834795805037092,0.0960760016522157,0.0,0.0,0.0,0.0,0.0,0.7597060852425465,0.0,0.5902939147574535,1.0,0.38295600144121833,0.0,1.0,0.6,0.0,0.4,-0.13073542475641955,0.0,1.3333333333332698,0.059678269218994676,0.3,0.0,-0.13073542475641955
2025-07-03 23:10:00+00:00,2025-07-03 23:20:00+00:00,buy,109675.21019999999,109470.93143857144,0.9,-0.3021898017705218,-0.306146161743751,stop_loss,0.7419354838709676,range,2,51.7855318951797,-8.299829083203804,-12.408791157777767,4.108962074573963,0.3,0.07199520214433269,0.0001864182029222143,0.05887378087848841,0.0,0.0,0.0,0.0,0.0,0.902036138654331,0.20181113903154596,0.04349628129548906,1.0,0.447963861345669,0.0,1.0,0.6,0.0,0.4,0.07081389622320523,0.0,0.9437656499835152,0.07199520214433269,0.3,0.0,0.07081389622320523
2025-07-04 00:15:00+00:00,2025-07-04 00:20:00+00:00,buy,109545.94559999999,109372.94617,0.9,-0.2739156885557966,-0.2778293285023195,stop_loss,0.7419354838709676,range,1,46.07441435285868,-36.90683515253477,-41.39943346935357,4.4925983168188,0.3,0.04836005085340306,-0.0003437966757548728,0.14559912256649296,0.0,0.0,0.0,0.0,0.0,0.878226344064668,0.1348893547583887,0.47177365593533194,1.0,0.29934411388322024,0.0,1.0,0.6,0.0,0.4,0.11645075311529002,0.0,1.3333333333331807,0.04836005085340306,0.3,0.0,0.11645075311529002
2025-07-05 15:55:00+00:00,2025-07-05 16:00:00+00:00,buy,108043.5948,107978.12107428572,0.9,-0.1755780797149701,-0.1805629992226579,take_profit,0.7096774193548387,range,1,40.87533987458732,-18.53853273455752,-5.343036987008861,-13.195495747548659,0.3,0.02461877281304318,-8.949096762535032e-06,0.10539336961902325,0.0,0.0,0.0,0.0,0.0,1.0,0.22100289349621882,0.21813614658304475,1.0,0.3489977019439198,0.0,1.0,0.0,0.5,0.4,0.006214698992104267,0.0,1.3333333333334854,0.02461877281304318,0.3,0.0,0.006214698992104267
2025-07-10 01:00:00+00:00,2025-07-10 01:15:00+00:00,buy,110967.15585,110987.76692714286,0.9,-0.10130568887107881,-0.10143711052266362,take_profit,0.8709677419354839,range,3,32.93712724644335,-60.30236051851534,-14.00811084109116,-46.29424967742418,0.3,0.07415165139733573,0.0011816485894965982,0.10759951749095728,0.0,0.0,0.0,0.0,0.0,0.4541646520255457,0.8958353479744543,0.0,1.0,0.37309025307379695,1.0,1.0,0.0,0.0,0.4,0.07997794794572856,0.0,1.3333333333332842,0.07415165139733573,0.3,0.0,0.07997794794572856
2025-07-11 11:25:00+00:00,2025-07-11 11:55:00+00:00,buy,117795.36825,117760.0905,0.8,-0.14128882019999506,-0.14993036472806628,stale_trade,0.7096774193548387,range,6,35.825982570654645,-91.6909736590751,-17.634353662253517,-74.05661999682158,0.3,0.12554062916524694,0.0008848769954112958,0.10141247421044372,0.0,0.0,0.0,0.0,0.0,0.5780347694713461,0.7719652305286538,0.0,1.0,0.41132644762897824,0.0,1.0,0.0,0.5,0.4,0.11604211993552459,0.0,1.333333333333306,0.12554062916524694,0.3,0.0,0.11604211993552459
2025-07-11 13:40:00+00:00,2025-07-11 13:50:00+00:00,buy,117479.91059999999,117682.82058285715,0.8,0.049449875317959295,0.052615246157200535,take_profit,0.7096774193548387,range,2,43.72892727435854,-91.44167808098427,-66.38926083787831,-25.052417243105964,0.3,0.17058856736018974,-0.0006241199739874672,0.12386991461577145,0.0,0.0,0.0,0.0,0.0,0.9133882817929228,0.07951292602530383,0.4366117182070772,1.0,0.4010754439671689,0.0,1.0,0.0,0.5,0.4,-0.04195268991063529,0.0,1.3333333333333737,0.17058856736018974,0.3,0.0,-0.04195268991063529
2025-07-11 22:35:00+00:00,2025-07-11 22:50:00+00:00,buy,117391.46639999999,117499.28096999999,0.8,-0.02649590273759815,-0.028213190820144392,take_profit,0.7096774193548387,range,3,51.08763352684092,-76.32561598269967,-63.55915256282397,-12.766463419875706,0.3,0.15596053034007526,-0.0005060411308225463,0.05867978958085551,0.0,0.0,0.0,0.0,0.0,0.8552498090858055,0.0,0.400596006359379,1.0,0.4947501909141945,0.0,1.0,0.0,0.5,0.4,0.11577501687419689,0.0,1.0258141743756506,0.15596053034007526,0.3,0.0,0.11577501687419689
2025-07-16 02:20:00+00:00,2025-07-16 02:35:00+00:00,buy,117311.2263,116998.79705142858,0.8,-0.36241221006581403,-0.3861653115992255,stop_loss,0.8709677419354839,range,3,33.668163542554595,-71.44953455468931,-9.265608299007463,-62.18392625568185,0.3,0.13878461665546699,0.0006202592526665351,0.1675200611387062,0.0,0.0,0.0,0.0,0.0,0.7136758073520393,0.6363241926479607,0.061676062096648554,1.0,0.31535779601771835,1.0,1.0,0.0,0.0,0.4,-0.010383374119655625,0.0,1.3333333333333084,0.13878461665546699,0.3,0.0,-0.010383374119655625
2025-07-16 13:50:00+00:00,2025-07-16 13:55:00+00:00,buy,118436.68874999999,118644.82219857143,0.8,0.0527076336018433,0.055628490375457355,take_profit,0.7096774193548387,range,1,36.171094823816254,-83.34390539453307,-46.21528548131029,-37.12861991322278,0.3,0.17247486099252834,-0.00010527607418025132,0.16972038722007193,0.0,0.0,0.0,0.0,0.0,0.9925555443493451,0.35744445565065486,0.3497238244329782,1.0,0.33063862864804217,0.0,1.0,0.0,0.5,0.4,0.0242010667497916,0.0,1.3333333333333333,0.17247486099252834,0.3,0.0,0.0242010667497916
2025-07-20 12:00:00+00:00,2025-07-20 12:05:00+00:00,buy,117855.99855,117866.20598714286,0.8,-0.10498070846353999,-0.11134425671490353,take_profit,0.7419354838709676,range,1,44.89061012132351,-22.728265562531305,-28.028218747351634,5.299953184820328,0.3,0.06794976883374504,-0.00025531597941764675,0.09344288706299603,0.0,0.0,0.0,0.0,0.0,0.9582927683167349,0.08625767893933448,0.303087683823149,1.0,0.39170723168326504,0.0,1.0,0.6,0.0,0.4,-0.3154952084532874,0.0,1.3333333333332322,0.06794976883374504,0.3,0.0,-0.3154952084532874
2025-07-21 15:50:00+00:00,2025-07-21 16:05:00+00:00,buy,118599.57015,118227.13400428572,0.8,-0.4116257345654815,-0.43383982552052436,stop_loss,0.7096774193548387,range,3,43.865765445089586,-15.79806683564675,55.44224593054813,-71.24031276619488,0.3,0.17857700232386256,0.0004885729437772775,0.096848739495796,0.0,0.0,0.0,0.0,0.0,0.8933646103812973,0.45663538961870265,0.0,1.0,0.44787274612788885,0.0,1.0,0.0,0.5,0.4,0.08725412573982427,0.0,1.298879178476699,0.17857700232386256,0.3,0.0,0.08725412573982427
2025-07-26 20:35:00+00:00,2025-07-26 20:45:00+00:00,buy,117995.06805,117962.90618428572,0.8,-0.13898932020388322,-0.14724060346423437,take_profit,0.7096774193548387,range,2,34.34349611579954,-16.001263462923816,11.490474417101282,-27.4917378800251,0.3,0.04547862298796791,0.00011589027073492679,0.13908504758979565,0.0,0.0,0.0,0.0,0.0,0.9516372912916816,0.3983627087083184,0.18115832291583017,1.0,0.3079484072886465,0.0,1.0,0.0,0.5,0.4,0.07085515687040371,0.0,1.333333333333258,0.04547862298796791,0.3,0.0,0.07085515687040371
2025-07-27 11:55:00+00:00,2025-07-27 12:25:00+00:00,buy,118116.92894999999,117925.65624714286,0.8,-0.2663186031803281,-0.2818378846577776,stop_loss,0.7096774193548387,range,6,43.0772727330384,7.343440480050049,28.512985861577608,-21.16954538152756,0.3,0.05170586393867724,0.00012021931358618174,0.13785310734462727,0.0,0.0,0.0,0.0,0.0,0.9935986692424791,0.35640133075752095,0.21798661651175938,1.0,0.31333175172834105,0.0,1.0,0.0,0.5,0.4,0.03253042231656817,0.0,1.3333333333333333,0.05170586393867724,0.3,0.0,0.03253042231656817
2025-07-27 20:30:00+00:00,2025-07-27 20:50:00+00:00,buy,118958.2494,118725.52754000001,0.8,-0.3002657009311924,-0.31551584531302834,stop_loss,0.7419354838709676,range,4,48.227423257479515,-5.234708824253175,-7.894420321124837,2.6597114968716618,0.3,0.07981577610539418,0.0006149621519657769,0.10815055510424885,0.0,0.0,0.0,0.0,0.0,0.7801557768729364,0.5698442231270636,0.0,1.0,0.37531069634216513,0.0,1.0,0.6,0.0,0.4,-0.007601578573227879,0.0,1.0697664207940043,0.07981577610539418,0.3,0.0,-0.007601578573227879
2025-07-28 10:30:00+00:00,2025-07-28 10:40:00+00:00,buy,118823.88225,118590.72925857143,0.8,-0.3004814066669654,-0.31609955105107396,stop_loss,0.7419354838709676,range,2,51.78756910003306,-31.176203043491114,-45.73785298787817,14.561649944387057,0.3,0.08030297653880265,-0.0009579393692098777,0.021940618945388696,0.0,0.0,0.0,0.0,0.0,0.8397393245918835,0.0,0.5026825179210918,1.0,0.5102606754081165,0.0,1.0,0.6,0.0,0.4,0.08772756768405039,0.0,1.1883363291389577,0.08030297653880265,0.3,0.0,0.08772756768405039
2025-07-29 00:30:00+00:00,2025-07-29 00:40:00+00:00,buy,117868.80494999999,117545.47786,0.8,-0.37166052774879327,-0.39414640700146636,stop_loss,0.7419354838709676,range,2,54.435592644114,68.00828366584028,39.1852354952989,28.823048170541384,0.3,0.1454461806690284,0.0005610979090705615,0.04204281661077737,0.0,0.0,0.0,0.0,0.0,0.8351690432711941,0.31014046467635875,0.0,1.0,0.5148309567288059,0.0,1.0,0.6,0.0,0.4,0.032642406066330155,0.0,1.3333333333333806,0.1454461806690284,0.3,0.0,0.032642406066330155
2025-07-30 08:20:00+00:00,2025-07-30 08:35:00+00:00,buy,118130.23559999999,118139.38075999999,0.8,-0.10609328785279995,-0.11226305369021032,take_profit,0.7096774193548387,range,3,46.07161216793081,-2.4231302247790154,24.331427308364937,-26.754557533143952,0.3,0.08536011684959277,0.0005016494118405071,0.056342097659635944,0.0,0.0,0.0,0.0,0.0,0.8906137264812898,0.3846549614346355,0.0,1.0,0.45938627351871025,0.0,1.0,0.0,0.5,0.4,0.11765703516168627,0.0,1.0523978266003826,0.08536011684959277,0.3,0.0,0.11765703516168627
2025-07-30 18:10:00+00:00,2025-07-30 18:20:00+00:00,buy,117693.51735,117694.29841249998,0.8,-0.11236130156601293,-0.11933675712982347,take_profit,0.7419354838709676,range,2,51.8146944686894,-44.78181691662758,-52.83139322140311,8.049576304775535,0.3,0.14861989823459384,-0.0005645766334804777,0.14351353993547714,0.0,0.0,0.0,0.0,0.0,0.7852006378098152,0.03317372087430326,0.5647993621901848,1.0,0.358187053919204,0.0,1.0,0.6,0.0,0.4,0.035319786773956856,0.0,0.5647198616330767,0.14861989823459384,0.3,0.0,0.035319786773956856
2025-07-31 13:10:00+00:00,2025-07-31 13:25:00+00:00,buy,118306.72379999999,118044.57390142858,0.8,-0.32316854175381643,-0.3414520022337653,stop_loss,0.7419354838709676,range,3,42.783849515369845,-1.7889203041122528,-7.626874066969184,5.837953762856931,0.3,0.10146385332858443,-0.00015933831586430221,0.06202296196523715,0.0,0.0,0.0,0.0,0.0,0.8905828943968045,0.1052684161955317,0.15316059199295642,1.0,0.45941710560319554,0.0,1.0,0.6,0.0,0.4,-0.024182423467209026,0.0,1.1260691393302422,0.10146385332858443,0.3,0.0,-0.024182423467209026
2025-08-03 22:25:00+00:00,2025-08-03 22:45:00+00:00,buy,114094.2186,114153.15772571428,0.8,-0.062407440064914686,-0.06837270199871753,take_profit,0.8709677419354839,range,4,33.8809145956366,-36.271400319150416,3.7039454245563377,-39.975345743706754,0.3,0.09485000132788586,0.0003657269712317984,0.14131223211342234,0.0,0.0,0.0,0.0,0.0,0.8403429259569665,0.5096570740430335,0.07914389309622621,1.0,0.33190119951638336,1.0,1.0,0.0,0.0,0.4,-0.09282967817967382,0.0,1.3333333333332587,0.09485000132788586,0.3,0.0,-0.09282967817967382
2025-08-06 08:45:00+00:00,2025-08-06 09:10:00+00:00,buy,113834.58884999999,113871.25017857143,0.8,-0.07996973987656138,-0.08781353352751335,take_profit,0.8709677419354839,range,5,31.11013769033427,-33.86483109081746,17.132503416778604,-50.997334507596065,0.3,0.08268002303740232,0.0005844075850900073,0.1556078322839606,0.0,0.0,0.0,0.0,0.0,0.7327305085333701,0.6172694914666299,0.031096476383206006,1.0,0.30282458748328855,1.0,1.0,0.0,0.0,0.4,-0.03370341879980763,0.0,1.3333333333332473,0.08268002303740232,0.3,0.0,-0.03370341879980763
2025-08-07 16:50:00+00:00,2025-08-07 17:20:00+00:00,buy,116195.96895,116378.67583857143,0.8,0.034529681358637536,0.037145954449478276,take_profit,0.7096774193548387,range,6,34.19385565857168,-30.73246846877737,34.31400632941094,-65.04647479818831,0.3,0.16090477662453806,0.0009066501617764958,0.12316227461858739,0.0,0.0,0.0,0.0,0.0,0.529871722346252,0.820128277653748,0.0,1.0,0.3970405572697287,0.0,1.0,0.0,0.5,0.4,-0.0006319834161067532,0.0,1.3333333333333333,0.16090477662453806,0.3,0.0,-0.0006319834161067532
2025-08-08 00:20:00+00:00,2025-08-08 00:25:00+00:00,buy,117026.2839,117076.29542571428,0.8,-0.07236001750491106,-0.0772903478319701,take_profit,0.8709677419354839,range,1,32.03807399625863,-19.09750217157125,24.908191188763016,-44.00569336033426,0.3,0.08926754689263794,0.0009548805197203567,0.13424087000115886,0.0,0.0,0.0,0.0,0.0,0.5511388030738282,0.7988611969261717,0.0,1.0,0.33989537243908435,1.0,1.0,0.0,0.0,0.4,-0.1482274093501438,0.0,1.333333333333256,0.08926754689263794,0.3,0.0,-0.1482274093501438
2025-08-08 12:45:00+00:00,2025-08-08 13:15:00+00:00,buy,116559.55064999999,116492.5246,0.8,-0.16548583611998868,-0.17746919406984338,stale_trade,0.7096774193548387,range,6,45.74059311286063,-13.265090467539267,9.490597707880571,-22.755688175419838,0.3,0.06822731959705144,-2.7909830187490784e-05,0.007454166946481472,0.0,0.0,0.0,0.0,0.0,0.8237578021807087,0.0,0.04717508699342393,1.0,0.5262421978192913,0.0,1.0,0.0,0.5,0.4,0.10232641062995888,0.0,1.333333333333384,0.06822731959705144,0.3,0.0,0.10232641062995888
2025-08-08 23:40:00+00:00,2025-08-09 00:00:00+00:00,buy,116704.9233,116530.37994857144,0.8,-0.2515876267021576,-0.26946980854379865,stop_loss,0.8709677419354839,range,4,33.038226754281126,-11.255428273769212,24.016055052027514,-35.27148332579672,0.3,0.04138262801610058,0.0006199259912321143,0.15038419319430438,0.0,0.0,0.0,0.0,0.0,0.7413835678782216,0.6086164321217784,0.017984372854489783,1.0,0.2880297793905834,1.0,1.0,0.0,0.0,0.4,-0.020287821829999345,0.0,1.3333333333333333,0.04138262801610058,0.3,0.0,-0.020287821829999345
2025-08-12 09:20:00+00:00,2025-08-12 09:50:00+00:00,buy,118674.70769999998,118415.36841142857,0.8,-0.321274667390616,-0.3383984186870426,stop_loss,0.7096774193548387,range,6,43.65346185284809,-54.5700093802152,-27.095545733181716,-27.47446364703348,0.3,0.09891512521019437,-0.0003173677108467303,0.11134020618556367,0.0,0.0,0.0,0.0,0.0,0.9444143518676764,0.058331877640858426,0.40558564813232356,1.0,0.38093753185538143,0.0,1.0,0.0,0.5,0.4,-0.013822534181190161,0.0,1.3333333333332644,0.09891512521019437,0.3,0.0,-0.013822534181190161
2025-08-14 05:05:00+00:00,2025-08-14 05:10:00+00:00,buy,123132.63554999999,122843.6103257143,0.8,-0.34928877744889886,-0.35458590637721765,stop_loss,0.7096774193548387,range,1,39.01765676321426,-122.1255540666607,-91.77803941515974,-30.34751465150096,0.3,0.11242630131223916,-0.0005713277288862091,0.13856281725888558,0.0,0.0,0.0,0.0,0.0,0.8927481552600863,0.12009322717210974,0.4572518447399136,1.0,0.34593431004217357,0.0,1.0,0.0,0.5,0.4,0.08051353044613195,0.0,1.3333333333333917,0.11242630131223916,0.3,0.0,0.08051353044613195
2025-08-15 12:35:00+00:00,2025-08-15 12:40:00+00:00,buy,118735.1379,118457.7643457143,0.8,-0.33575143650650524,-0.3534668027139517,stop_loss,0.7096774193548387,range,1,46.8042933610045,-21.800990311210626,9.184703732476017,-30.985694043686642,0.3,0.1114922214253347,6.532459306995167e-05,0.035331773975127996,0.0,0.0,0.0,0.0,0.0,0.843360410978347,0.1564533194743029,0.0,1.0,0.506639589021653,0.0,1.0,0.0,0.5,0.4,-0.13502552964838227,0.0,1.3333333333333028,0.1114922214253347,0.3,0.0,-0.13502552964838227
2025-08-16 10:05:00+00:00,2025-08-16 10:15:00+00:00,buy,117353.2473,117122.37808714286,0.8,-0.29724367047154215,-0.31661210630123543,stop_loss,0.7096774193548387,range,2,40.950085778080215,-27.310389043050236,5.873919832406655,-33.18430887545689,0.3,0.0807307899450238,-2.9469479062497234e-05,0.09808576940199791,0.0,0.0,0.0,0.0,0.0,0.9584394504061616,0.22179859758849194,0.18689210825316602,1.0,0.39156054959383835,0.0,1.0,0.0,0.5,0.4,-0.11901624802817579,0.0,1.333333333333248,0.0807307899450238,0.3,0.0,-0.11901624802817579
2025-08-16 14:15:00+00:00,2025-08-16 14:20:00+00:00,buy,117589.7655,117566.86716000001,0.8,-0.13119385567678815,-0.13946138841137937,take_profit,0.7096774193548387,range,1,52.093029472026764,25.62977293228323,43.25993121221403,-17.630158279930797,0.3,0.06879036169180862,0.0004949480514571019,0.16911450163981936,0.0,0.0,0.0,0.0,0.0,0.7586821643847635,0.5913178356152364,0.11332592121734433,1.0,0.2739559264169505,0.0,1.0,0.0,0.5,0.4,0.009642544281691538,0.0,0.9758812615955843,0.06879036169180862,0.3,0.0,0.009642544281691538
2025-08-17 13:10:00+00:00,2025-08-17 13:20:00+00:00,buy,118052.7969,118012.62702571429,0.8,-0.14544730291291208,-0.1540066253535244,take_profit,0.8709677419354839,range,2,33.332173137822735,-32.9466850309982,-14.489827364610335,-18.45685766638786,0.3,0.041243087106514885,0.00014783486092496249,0.12475744777993422,0.0,0.0,0.0,0.0,0.0,0.9807452091959489,0.36925479080405116,0.15056790827900807,1.0,0.3279692401556396,1.0,1.0,0.0,0.0,0.4,-0.2711483904803972,0.0,1.3333333333334163,0.041243087106514885,0.3,0.0,-0.2711483904803972
2025-08-17 16:10:00+00:00,2025-08-17 16:15:00+00:00,buy,118094.31765,117907.29114857144,0.8,-0.26290197336615767,-0.27827542700374547,stop_loss,0.7419354838709676,range,1,58.345805920214154,7.456519288723939,-7.188010292119081,14.64452958084302,0.3,0.048732394945772785,5.23244558575973e-05,0.02416941609759916,0.0,0.0,0.0,0.0,0.0,0.860739813071831,0.10115957332971248,0.0,1.0,0.489260186928169,0.0,1.0,0.6,0.0,0.4,-0.05768890171486346,0.0,1.333333333333263,0.048732394945772785,0.3,0.0,-0.05768890171486346
2025-08-19 13:35:00+00:00,2025-08-19 13:40:00+00:00,buy,115274.00819999998,114968.79827285715,0.8,-0.3546844888212358,-0.3846102152163603,stop_loss,0.7419354838709676,range,1,48.14000223210472,39.44528538452869,31.311093318415494,8.134192066113194,0.3,0.13748662764775035,0.0007587324220925727,0.010638297872340425,0.0,0.0,0.0,0.0,0.0,0.7903721155807174,0.3248982762799699,0.0,1.0,0.5596278844192826,0.0,1.0,0.6,0.0,0.4,-0.10085561264173291,0.0,1.2532841833131398,0.13748662764775035,0.3,0.0,-0.10085561264173291
2025-08-23 01:40:00+00:00,2025-08-23 02:10:00+00:00,buy,116367.85484999999,116128.1069,0.8,-0.3033964216399919,-0.32590230999690023,stale_trade,0.8709677419354839,range,6,31.824715408823863,-76.32991507199768,-26.16716942243309,-50.162745649564584,0.3,0.12711137346485832,-0.00020298929129810274,0.1598584138524818,0.0,0.0,0.0,0.0,0.0,0.9116487568899333,0.4383512431100667,0.22772548127527428,1.0,0.3207829050291169,1.0,1.0,0.0,0.0,0.4,-0.22906553086085032,0.0,1.3333333333333333,0.12711137346485832,0.3,0.0,-0.22906553086085032
2025-08-24 03:05:00+00:00,2025-08-24 03:35:00+00:00,buy,115110.52649999999,114953.39455,0.8,-0.2361362421039963,-0.2564233798635222,stale_trade,0.7096774193548387,range,6,40.90422457565269,-65.10184256102366,-12.825770310776068,-52.276072250247594,0.3,0.13323052357236603,2.2036125504844863e-06,0.15093917710196877,0.0,0.0,0.0,0.0,0.0,0.9920296230414525,0.3579703769585475,0.2709428609663225,1.0,0.3381121429503233,0.0,1.0,0.0,0.5,0.4,0.09495869629636332,0.0,1.333333333333307,0.13323052357236603,0.3,0.0,0.09495869629636332
2025-08-31 13:20:00+00:00,2025-08-31 13:25:00+00:00,buy,108266.7063,108265.510165,0.8,-0.10489237190320447,-0.12110414120818744,take_profit,0.8064516129032258,range,1,50.45630146300353,-51.703366046975134,-51.72500905034175,0.021643003366612845,0.0,0.11753318401527901,-0.0011315451552884996,0.08165600807808615,0.0,0.0,0.0,0.0,0.0,0.6542669075934171,0.0,0.6957330924065829,1.0,0.43762090256974967,0.0,1.0,0.6,0.5,0.4,0.09898804047123513,0.0,0.7015331910591054,0.11753318401527901,0.0,0.0,0.09898804047123513
2025-08-31 22:35:00+00:00,2025-08-31 22:45:00+00:00,buy,108902.32394999999,108652.91493714285,0.8,-0.30395372495154105,-0.34888342361166513,stop_loss,0.7419354838709676,range,2,44.385361008268696,11.904691711475607,9.275522380778074,2.6291693306975326,0.3,0.1076666220872052,0.00044659415394614644,0.0035066776094882335,0.0,0.0,0.0,0.0,0.0,0.7957036041777881,0.23994558101652091,0.0,1.0,0.5542963958222119,0.0,1.0,0.6,0.0,0.4,-0.1267886677141314,0.0,1.066084598037414,0.1076666220872052,0.3,0.0,-0.1267886677141314
2025-09-02 18:25:00+00:00,2025-09-02 18:45:00+00:00,buy,110497.42109999999,110137.09247714287,0.8,-0.39416746480272713,-0.4459012039362509,stop_loss,0.7096774193548387,range,4,43.88696075453035,-58.47441130185325,-27.199627612309055,-31.274783689544197,0.3,0.18864424752753595,0.0003288831512094525,0.051140882119042226,0.0,0.0,0.0,0.0,0.0,0.8251919294230352,0.3473420443163088,0.0,1.0,0.5248080705769648,0.0,1.0,0.0,0.5,0.4,0.06837481323167917,0.0,1.0198733772171078,0.18864424752753595,0.3,0.0,0.06837481323167917
2025-09-03 21:45:00+00:00,2025-09-03 22:00:00+00:00,buy,111929.23664999999,111996.043965,0.8,-0.05403828269518978,-0.060348712624752124,take_profit,0.7096774193548387,range,3,41.00848781539208,-34.87490970551153,0.679827288634276,-35.554736994145806,0.3,0.10021540949832096,1.1984164569942178e-05,0.04755397649630731,0.0,0.0,0.0,0.0,0.0,0.8686142712541169,0.19303702592761124,0.005104542807002552,1.0,0.48138572874588303,0.0,1.0,0.0,0.5,0.4,0.10066636751776828,0.0,1.3287780326197463,0.10021540949832096,0.3,0.0,0.10066636751776828
2025-09-11 18:25:00+00:00,2025-09-11 18:55:00+00:00,buy,114249.79634999999,114178.6821,0.8,-0.16653706965598733,-0.18220718436316422,stale_trade,0.7096774193548387,range,6,38.923309186867,-19.85056795204582,25.864355469623995,-45.714923421669816,0.3,0.12966803357082154,0.0005283264839111814,0.001389532190831356,0.0,0.0,0.0,0.0,0.0,0.7800705870812845,0.28937265711599414,0.0,1.0,0.5699294129187155,0.0,1.0,0.0,0.5,0.4,0.10494077372374294,0.0,1.1424103553625167,0.12966803357082154,0.3,0.0,0.10494077372374294
2025-09-14 01:20:00+00:00,2025-09-14 01:40:00+00:00,buy,115830.8865,115832.19493,0.8,-0.11015153508639632,-0.11887107404465508,take_profit,0.7096774193548387,range,4,46.009628467536345,-21.872167914596503,-0.6437099833643241,-21.228457931232178,0.3,0.0792128932109762,0.00015497237208912665,0.03562691131498916,0.0,0.0,0.0,0.0,0.0,0.8616779341370275,0.16011172434911897,0.0,1.0,0.48832206586297244,0.0,1.0,0.0,0.5,0.4,0.10906962613335591,0.0,1.064439078848128,0.0792128932109762,0.3,0.0,0.10906962613335591
2025-09-16 08:40:00+00:00,2025-09-16 09:10:00+00:00,buy,115604.67344999999,115522.30995000001,0.8,-0.17683175203198212,-0.1912030746192793,stale_trade,0.7096774193548387,range,6,41.64697708015111,-3.828202055679867,28.099393814884028,-31.927595870563895,0.3,0.11189643092359598,0.0008364595280862537,0.1697611425757333,0.0,0.0,0.0,0.0,0.0,0.5648121780080851,0.7851878219919148,0.0,1.0,0.2968994513836051,0.0,1.0,0.0,0.5,0.4,-0.03961820862018928,0.0,1.3333333333333646,0.11189643092359598,0.3,0.0,-0.03961820862018928
2025-09-17 08:40:00+00:00,2025-09-17 09:10:00+00:00,buy,116821.48155,116612.76445000002,0.8,-0.2790221180799839,-0.2985560900036196,stale_trade,0.9354838709677419,range,6,31.93104405550332,-37.418390185252065,25.299915737051432,-62.7183059223035,0.0,0.10496222081902583,0.0007429008773703297,0.16734489450948323,0.0,0.0,0.0,0.0,0.0,0.6472290654358639,0.7027709345641361,0.0,1.0,0.29687107671235624,1.0,1.0,0.0,0.5,0.4,0.05660170592632035,0.0,1.3333333333333663,0.10496222081902583,0.0,0.0,0.05660170592632035
2025-09-18 21:55:00+00:00,2025-09-18 22:25:00+00:00,buy,117261.90165,117162.48945000001,0.8,-0.19205346772799325,-0.2047270522497036,stale_trade,0.7419354838709676,range,6,46.48093465866874,-38.58891641184164,-42.05942851752407,3.470512105682431,0.3,0.08387745298736729,-0.0005163124723223412,0.0861204420427407,0.0,0.0,0.0,0.0,0.0,0.9330806607854168,0.0,0.41691933921458313,1.0,0.41197987776735967,0.0,1.0,0.6,0.0,0.4,-0.002517712062639042,0.0,1.3333333333333746,0.08387745298736729,0.3,0.0,-0.002517712062639042
2025-09-19 09:35:00+00:00,2025-09-19 09:45:00+00:00,buy,116809.5756,116583.37058285715,0.8,-0.2929926278820449,-0.3135366111650834,stop_loss,0.7096774193548387,range,2,47.63444947649934,-7.91898989197216,9.578053723274348,-17.497043615246508,0.3,0.07816377292665456,-6.816351873520822e-05,0.101857693655804,0.0,0.0,0.0,0.0,0.0,0.9657613682585088,0.13597660014924243,0.28843045674994094,1.0,0.38423863174149114,0.0,1.0,0.0,0.5,0.4,0.023962914992736076,0.0,1.3333333333334663,0.07816377292665456,0.3,0.0,0.023962914992736076
2025-09-20 19:45:00+00:00,2025-09-20 20:00:00+00:00,buy,115679.81099999999,115626.98758500001,0.8,-0.1532859953207817,-0.16563607123370655,take_profit,0.7741935483870968,range,3,41.63839131424716,-36.0957145694847,-39.90343131614107,3.807716746656368,0.3,0.05501301037617836,-0.000570989403187222,0.17358057732745333,0.0,0.0,0.0,0.0,0.0,0.7372244826915367,0.11047688822259233,0.6127755173084632,1.0,0.2593394048183841,0.0,1.0,0.6,0.5,0.0,0.10645289059525906,0.0,0.82315178738536,0.05501301037617836,0.3,0.0,0.10645289059525906
2025-09-23 14:20:00+00:00,2025-09-23 14:50:00+00:00,buy,112801.67265,112460.49305285714,0.8,-0.3810695172516522,-0.4222782210353734,stop_loss,0.7419354838709676,range,6,48.876445801905874,15.232427389870281,2.7318134588236043,12.500613931046678,0.3,0.16892690236944996,0.00011252497730271446,0.012089810017267045,0.0,0.0,0.0,0.0,0.0,0.7751335229248224,0.08823965755443341,0.0,1.0,0.5748664770751776,0.0,1.0,0.6,0.0,0.4,0.11985045524639068,0.0,0.5766826682668302,0.16892690236944996,0.3,0.0,0.11985045524639068
2025-09-26 14:40:00+00:00,2025-09-26 15:10:00+00:00,buy,108903.0243,108825.85985000001,0.8,-0.16624142439199727,-0.1908135993703497,stale_trade,0.7096774193548387,range,6,44.94089100228026,-32.10180178696464,37.04931880948042,-69.15112059644505,0.3,0.2790638950405813,0.00013754035963179357,0.023253429047561162,0.0,0.0,0.0,0.0,0.0,0.7315532305904174,0.1650168248050697,0.0,1.0,0.6184467694095825,0.0,1.0,0.0,0.5,0.4,0.052483181323707204,0.0,1.1794372854254238,0.2790638950405813,0.3,0.0,0.052483181323707204
2025-09-27 07:30:00+00:00,2025-09-27 07:45:00+00:00,buy,109413.6795,109224.39762428573,0.8,-0.2563717775910706,-0.2928927383242223,stop_loss,0.7419354838709676,range,3,46.875937249523915,-10.438560811366187,-12.828281603008262,2.389720791642075,0.3,0.06093299525938491,-1.851175475129357e-05,0.12346442775078995,0.0,0.0,0.0,0.0,0.0,1.0,0.24151177830855083,0.2729233373197406,1.0,0.340905283027067,0.0,1.0,0.6,0.0,0.4,-0.11118082341594668,0.0,1.3333333333334547,0.06093299525938491,0.3,0.0,-0.11118082341594668
2025-09-28 09:20:00+00:00,2025-09-28 09:30:00+00:00,buy,109398.2718,109385.28000000003,0.8,-0.11540954486397946,-0.13186856492917132,take_profit,0.7096774193548387,range,2,43.60588310276158,-1.4138950818451121,17.197169086376277,-18.61106416822139,0.3,0.09258494716262725,0.00015854648813597513,0.010160382903679875,0.0,0.0,0.0,0.0,0.0,0.8144381523111979,0.10311578577353761,0.0,1.0,0.5355618476888021,0.0,1.0,0.0,0.5,0.4,0.0341319958507192,0.0,0.793527599426367,0.09258494716262725,0.3,0.0,0.0341319958507192
2025-09-29 07:10:00+00:00,2025-09-29 07:35:00+00:00,buy,111612.87855,111604.15001000001,0.8,-0.1141270057087855,-0.12781567771507124,take_profit,0.7096774193548387,range,5,41.706748102351256,-27.88642833349877,-14.197171438784048,-13.689256894714722,0.3,0.11100017070054069,-0.0002590471283472584,0.17234911916404072,0.0,0.0,0.0,0.0,0.0,0.9638936023263573,0.3320149321765271,0.38610639767364263,1.0,0.2923709311390456,0.0,1.0,0.0,0.5,0.4,0.09462773587548348,0.0,0.6923550223042512,0.11100017070054069,0.3,0.0,0.09462773587548348
2025-09-29 11:20:00+00:00,2025-09-29 11:30:00+00:00,buy,111969.45675,111987.0434675,0.8,-0.09342974610439829,-0.10430271434758735,take_profit,0.7096774193548387,range,2,48.28415582394909,-17.16257930996653,9.623736081824074,-26.786315391790605,0.3,0.11299543205881453,0.0005148915124757068,0.08030027297543016,0.0,0.0,0.0,0.0,0.0,0.8936687822873474,0.45633121771265256,0.0,1.0,0.43726469441836996,0.0,1.0,0.0,0.5,0.4,0.11228214156111412,0.0,0.8538136391021897,0.11299543205881453,0.3,0.0,0.11228214156111412
2025-10-03 07:05:00+00:00,2025-10-03 07:35:00+00:00,buy,119827.78394999998,119568.08890571429,0.7,-0.28233279759938334,-0.33659353006763093,stop_loss,0.7419354838709676,range,6,47.72128827188158,-36.4675800025434,-40.66225043021945,4.194670427676051,0.3,0.09740864264488813,-0.000659435787257702,0.10844439528839633,0.0,0.0,0.0,0.0,0.0,0.8375174820028257,0.0,0.5124825179971743,1.0,0.38460565664054464,0.0,1.0,0.6,0.0,0.4,-0.07247799640317099,0.0,1.0173064756423367,0.09740864264488813,0.3,0.0,-0.07247799640317099
2025-10-07 01:15:00+00:00,2025-10-07 01:40:00+00:00,buy,124611.17444999999,124686.60051250001,0.7,-0.05190682173423809,-0.059507185294394756,take_profit,0.7419354838709676,range,5,50.59164034765194,2.561893222431536,-30.671940830645088,33.23383405307662,0.3,0.1368022634368604,-0.0006743633952312894,0.0034126411920169758,0.0,0.0,0.0,0.0,0.0,0.7794991620763146,0.0,0.2972663252831803,1.0,0.5705008379236853,0.0,1.0,0.6,0.0,0.4,0.03550302230069539,0.0,0.9785395880496266,0.1368022634368604,0.3,0.0,0.03550302230069539
2025-10-08 21:05:00+00:00,2025-10-08 22:00:00+00:00,buy,123061.5,123250.8466057143,0.7,0.029091438425605895,0.03377108011105468,take_profit,0.7096774193548387,range,11,41.81288704062871,-95.39156894473126,-40.52496971669413,-54.86659922803713,0.3,0.15879210220673687,0.0002938181584757525,0.09921324205579118,0.0,0.0,0.0,0.0,0.0,0.9049326540317338,0.44506734596826614,0.0,1.0,0.4331607958685096,0.0,1.0,0.0,0.5,0.4,0.05265584086919819,0.0,1.333333333333292,0.15879210220673687,0.3,0.0,0.05265584086919819
2025-10-10 07:20:00+00:00,2025-10-10 07:45:00+00:00,buy,121255.89765,120946.01102857145,0.7,-0.3186454366449862,-0.375410825747736,stop_loss,0.7096774193548387,range,5,46.550991149994076,-18.39385175659845,23.5035029702624,-41.897354726860854,0.3,0.12980819270337013,0.00010260396069285347,0.04148123268116769,0.0,0.0,0.0,0.0,0.0,0.8427545941495348,0.16279950330647625,0.010038966198389135,1.0,0.5072454058504652,0.0,1.0,0.0,0.5,0.4,0.06107348326436086,0.0,1.3249943246312041,0.12980819270337013,0.3,0.0,0.06107348326436086
2025-10-12 14:05:00+00:00,2025-10-12 14:35:00+00:00,buy,111392.96865,111127.8083,0.8,-0.3189382529359928,-0.3578976491977988,stale_trade,0.7096774193548387,range,6,40.28023743765055,-102.49035978595202,-51.63354729870704,-50.85681248724498,0.3,0.2076187790229713,-0.0002959796462943255,0.15361773013688554,0.0,0.0,0.0,0.0,0.0,0.9503149872834807,0.24038886285383715,0.3996850127165193,1.0,0.3753020786839081,0.0,1.0,0.0,0.5,0.4,0.0959945325359451,0.0,1.0675818346619803,0.2076187790229713,0.3,0.0,0.0959945325359451
2025-10-15 09:40:00+00:00,2025-10-15 10:10:00+00:00,buy,112533.63869999998,112460.24175,0.8,-0.1667146226159842,-0.18518309785177173,stale_trade,0.7096774193548387,range,6,43.90705448705241,7.941478537264629,87.53649432491027,-79.59501578764564,0.3,0.22046968673579775,0.001023024725372398,0.08691293855578366,0.0,0.0,0.0,0.0,0.0,0.692409809009386,0.657590190990614,0.0,1.0,0.4865869179580557,0.0,1.0,0.0,0.5,0.4,0.07937672478186784,0.0,1.2971382895987194,0.22046968673579775,0.3,0.0,0.07937672478186784
2025-10-16 13:25:00+00:00,2025-10-16 13:35:00+00:00,buy,111156.75059999998,111333.11559500002,0.8,0.034296860226431955,0.03856812568884138,take_profit,0.7096774193548387,range,2,42.28527314814734,-24.086605714343023,33.287187914920125,-57.37379362926315,0.3,0.18870826134834068,0.0007085010681197205,0.1311538122002168,0.0,0.0,0.0,0.0,0.0,0.7243182509398909,0.6256817490601091,0.0,1.0,0.39993179928839073,0.0,1.0,0.0,0.5,0.4,0.11090054236057523,0.0,1.1431759334969382,0.18870826134834068,0.3,0.0,0.11090054236057523
2025-10-17 23:30:00+00:00,2025-10-17 23:50:00+00:00,buy,106613.38005,106313.29676000001,0.8,-0.3422714368687961,-0.40129981423095784,stop_loss,0.8709677419354839,range,4,33.626225921785505,-94.97692586845369,-39.82156147914706,-55.155364389306634,0.3,0.1514168999466025,0.0004407682794568078,0.16214515452384073,0.0,0.0,0.0,0.0,0.0,0.7541086318176821,0.5958913681823179,0.0797134423336851,1.0,0.3308109511241554,1.0,1.0,0.0,0.0,0.4,0.051819469954850046,0.0,1.3333333333333834,0.1514168999466025,0.3,0.0,0.051819469954850046
2025-10-19 00:15:00+00:00,2025-10-19 00:20:00+00:00,buy,107033.8902,107017.75435500001,0.8,-0.11565346538638599,-0.13506640883821908,take_profit,0.7419354838709676,range,1,49.482190997513406,10.02171683832421,9.308859504800743,0.7128573335234663,0.3,0.10438494207483724,0.00040334916498340823,0.055843603909912144,0.0,0.0,0.0,0.0,0.0,0.8793085211570388,0.30000087511379514,0.0,1.0,0.47069147884296114,0.0,1.0,0.6,0.0,0.4,-0.06528162779468565,0.0,0.6782546586500704,0.10438494207483724,0.3,0.0,-0.06528162779468565
2025-10-19 08:30:00+00:00,2025-10-19 08:45:00+00:00,buy,106600.57364999999,106245.15085,0.8,-0.3865041877599886,-0.45321541728869086,stop_loss,0.7741935483870968,range,3,46.055424628256446,-21.215642963754362,-21.961977051378298,0.7463340876239357,0.3,0.19474918651153056,-0.0005585279399041768,0.08510836201283441,0.0,0.0,0.0,0.0,0.0,0.8749171389099881,0.0,0.4317503777010523,1.0,0.47508286109001185,0.0,1.0,0.6,0.5,0.0,-0.0053324086272336065,0.0,0.8814056224899061,0.19474918651153056,0.3,0.0,-0.0053324086272336065
2025-10-20 13:20:00+00:00,2025-10-20 13:30:00+00:00,buy,110662.10339999999,110796.08424499999,0.8,0.0008847459303986116,0.000999377726447828,take_profit,0.7096774193548387,range,2,36.78011452624506,-42.54118812926754,-6.15047824327732,-36.39070988599022,0.3,0.13848283159030741,-5.641017516881015e-05,0.09315269901281659,0.0,0.0,0.0,0.0,0.0,0.9186086032949733,0.32389079479032273,0.06424545109641305,1.0,0.43139139670502674,0.0,1.0,0.0,0.5,0.4,0.037891609010272484,0.0,1.331351426972457,0.13848283159030741,0.3,0.0,0.037891609010272484
2025-10-24 07:50:00+00:00,2025-10-24 08:10:00+00:00,buy,111001.67309999999,111140.36202,0.8,0.0043229591424120625,0.004868123855346716,take_profit,0.7096774193548387,range,4,36.26607706485209,-24.130434177219286,40.709182408684825,-64.83961658590411,0.3,0.14069882519635607,0.001395188924879645,0.11376096491228131,0.0,0.0,0.0,0.0,0.0,0.403415452996141,0.946584547003859,0.0,1.0,0.4004800834939827,0.0,1.0,0.0,0.5,0.4,0.08736872502647965,0.0,1.3333333333333592,0.14069882519635607,0.3,0.0,0.08736872502647965
2025-10-24 11:40:00+00:00,2025-10-24 11:50:00+00:00,buy,110986.56555,111057.19362499997,0.8,-0.050078544404022825,-0.05640158355636993,take_profit,0.7096774193548387,range,2,43.876108219819294,-45.80316527087416,-20.390130385213318,-25.413034885660842,0.3,0.14953941165796672,3.828563140448865e-05,0.08305118502290285,0.0,0.0,0.0,0.0,0.0,0.8967178758035288,0.2518003612591843,0.09424624300291089,1.0,0.4532821241964712,0.0,1.0,0.0,0.5,0.4,0.04284924739319794,0.0,0.912525835342591,0.14953941165796672,0.3,0.0,0.04284924739319794
2025-10-26 20:35:00+00:00,2025-10-26 21:05:00+00:00,buy,113378.8611,113286.7283,0.8,-0.1825057229119937,-0.20121224664514836,stale_trade,0.7096774193548387,range,6,41.78006418967251,-46.80167426564731,-23.385152528059354,-23.416521737587953,0.3,0.0861639265235374,-8.088698253810843e-05,0.07883082373781454,0.0,0.0,0.0,0.0,0.0,0.9253230618438506,0.2232157610886435,0.10524600448558374,1.0,0.4246769381561494,0.0,1.0,0.0,0.5,0.4,0.011552648295391542,0.0,1.3333333333333333,0.0861639265235374,0.3,0.0,0.011552648295391542
2025-10-27 08:35:00+00:00,2025-10-27 08:45:00+00:00,buy,115306.4244,114953.81434000001,0.7,-0.3435363422707942,-0.4256191324964819,stop_loss,0.7096774193548387,range,2,45.013176626661036,-70.0997906820412,-16.46225909387823,-53.63753158816297,0.3,0.17171545387023499,0.0006906639263707907,0.009288306575628123,0.0,0.0,0.0,0.0,0.0,0.76921770524625,0.3954174210762195,0.0,1.0,0.58078229475375,0.0,1.0,0.0,0.5,0.4,0.1157892025431054,0.0,1.3333333333333537,0.17171545387023499,0.3,0.0,0.1157892025431054
2025-10-27 12:15:00+00:00,2025-10-27 12:40:00+00:00,buy,115236.48945,114937.8451857143,0.7,-0.30572420554699004,-0.37900223024116836,stop_loss,0.7096774193548387,range,5,44.44570822885118,-24.672147050965577,-4.560158017525711,-20.111989033439865,0.3,0.13280582269346886,-0.00013880594978855215,0.036126530971891516,0.0,0.0,0.0,0.0,0.0,0.8326806539831592,0.05790637898305729,0.09262083339982405,1.0,0.5173193460168408,0.0,1.0,0.0,0.5,0.4,0.11480938638456097,0.0,0.8256284535761734,0.13280582269346886,0.3,0.0,0.11480938638456097
2025-10-28 12:00:00+00:00,2025-10-28 12:20:00+00:00,buy,114331.33709999999,114073.81170428573,0.7,-0.2761979394977791,-0.3451096567266747,stop_loss,0.7096774193548387,range,4,44.19971776699054,-5.832995298362221,27.2148372035413,-33.04783250190352,0.3,0.10451678006558926,0.0007039749839545734,0.05720006493857708,0.0,0.0,0.0,0.0,0.0,0.8813264789043446,0.45325959196930427,0.0,1.0,0.46867352109565547,0.0,1.0,0.0,0.5,0.4,0.015824785148277797,0.0,1.2283804796365159,0.10451678006558926,0.3,0.0,0.015824785148277797
2025-10-29 08:45:00+00:00,2025-10-29 09:15:00+00:00,buy,113026.58505,112962.4905,0.7,-0.13978159673099602,-0.17667347486580934,stale_trade,0.7096774193548387,range,6,43.813414693853666,11.838605270415428,64.67821413835519,-52.83960886793976,0.3,0.14949594121428048,0.0011916314307655626,0.03394039735098881,0.0,0.0,0.0,0.0,0.0,0.7545632175100899,0.59543678248991,0.0,1.0,0.5299490043285857,0.0,1.0,0.0,0.5,0.4,-0.09606094775160516,0.0,1.3333333333333333,0.14949594121428048,0.3,0.0,-0.09606094775160516
2025-10-29 10:55:00+00:00,2025-10-29 11:05:00+00:00,buy,112847.69565,112889.517005,0.7,-0.06553468081509486,-0.08296223689259948,take_profit,0.7419354838709676,range,2,43.44693801601377,-24.573067150864517,-27.194465328649194,2.621398177784677,0.3,0.13637070032377263,-0.0001811503536193869,0.17814802947773037,0.0,0.0,0.0,0.0,0.0,0.9141464850524427,0.30642994120965267,0.43585351494755725,1.0,0.2973554641017172,0.0,1.0,0.6,0.0,0.4,0.047786563098248004,0.0,0.8380777684900587,0.13637070032377263,0.3,0.0,0.047786563098248004
2025-10-29 13:35:00+00:00,2025-10-29 13:45:00+00:00,buy,112993.86869999999,112699.71909428571,0.7,-0.3006960308735956,-0.38016731645090657,stop_loss,0.7419354838709676,range,2,50.83394852158278,75.3118817024224,57.63172027842357,17.680161423998825,0.3,0.13377828273513923,0.0007973519870986047,0.17885345092811436,0.0,0.0,0.0,0.0,0.0,0.5966583144849879,0.7533416855150121,0.0,1.0,0.2946947304549387,0.0,1.0,0.6,0.0,0.4,0.017210999783026225,0.0,1.3333333333333601,0.13377828273513923,0.3,0.0,0.017210999783026225
2025-10-30 04:00:00+00:00,2025-10-30 04:05:00+00:00,buy,110624.4846,110314.90923857143,0.8,-0.35371119818536556,-0.3996755323474808,stop_loss,0.7096774193548387,range,1,50.58644947315296,11.452461719571147,39.656743524246174,-28.204281804675027,0.3,0.15006116402346056,4.3559450264847706e-05,0.1217915333680516,0.0,0.0,0.0,0.0,0.0,0.9570172211411249,0.15154630146794823,0.35591842089893344,1.0,0.39298277885887517,0.0,1.0,0.0,0.5,0.4,0.09535864737453313,0.0,0.9796052348357429,0.15006116402346056,0.3,0.0,0.09535864737453313
2025-11-01 22:10:00+00:00,2025-11-01 23:20:00+00:00,buy,109935.7404,110028.93515428573,0.8,-0.03102724083746685,-0.035278837351454775,take_profit,0.7096774193548387,range,14,42.31910995660372,-90.62099860029412,-48.92504221931896,-41.695956380975154,0.3,0.11556679081852213,-0.00047696998732254576,0.10778109654229188,0.0,0.0,0.0,0.0,0.0,0.9102082412589477,0.009296143518497224,0.4397917587410523,1.0,0.3957216884115637,0.0,1.0,0.0,0.5,0.4,0.06984288009662191,0.0,1.3333333333333652,0.11556679081852213,0.3,0.0,0.06984288009662191
2025-11-02 00:55:00+00:00,2025-11-02 01:00:00+00:00,buy,109966.25564999999,109928.39330750001,0.8,-0.13583930549958587,-0.1544102150889979,take_profit,0.8064516129032258,range,1,47.69603606139916,-27.559783060409245,-28.112322672022596,0.5525396116133514,0.0,0.10763224527414454,-0.0005874122797719073,0.011944925686141427,0.0,0.0,0.0,0.0,0.0,0.8088970202193324,0.0,0.2965646155300338,1.0,0.5411029797806676,0.0,1.0,0.6,0.5,0.4,0.10126765465190489,0.0,0.507783882783905,0.10763224527414454,0.0,0.0,0.10126765465190489
2025-11-07 00:15:00+00:00,2025-11-07 00:25:00+00:00,buy,101024.78715,100656.77500714287,0.8,-0.39121686412113194,-0.4840604904470862,stop_loss,0.7419354838709676,range,2,52.1840071347086,61.32028170977719,54.19724517345709,7.1230365363201,0.3,0.2204945784648749,0.00013118843526109148,0.09792126906390321,0.0,0.0,0.0,0.0,0.0,0.8809159612189664,0.15093550363619418,0.2570697841300692,1.0,0.4690840387810336,0.0,1.0,0.6,0.0,0.4,-0.22932912076439047,0.0,1.1588814030584897,0.2204945784648749,0.3,0.0,-0.22932912076439047
2025-11-08 02:50:00+00:00,2025-11-08 03:00:00+00:00,buy,102762.35549999999,102913.33473428572,0.8,0.022059056116123202,0.026832608118985756,take_profit,0.7419354838709676,range,2,48.193232162540724,10.190053009660915,-11.887127846853396,22.07718085651431,0.3,0.15444861240345517,-0.0002115301273116211,0.08297789841023406,0.0,0.0,0.0,0.0,0.0,0.8941176680448576,0.2585194020208326,0.08722184135514266,1.0,0.45588233195514233,0.0,1.0,0.6,0.0,0.4,-0.15776840565094585,0.0,1.333333333333308,0.15444861240345517,0.3,0.0,-0.15776840565094585
2025-11-09 02:30:00+00:00,2025-11-09 02:55:00+00:00,buy,101784.76694999999,101503.39719857143,0.8,-0.3226741199341619,-0.3962701512259075,stop_loss,0.7419354838709676,range,5,45.087827694478946,-38.78410451531818,-45.769388415950424,6.985283900632247,0.3,0.14721880176758173,-0.0007313250746181481,0.1568722680913077,0.0,0.0,0.0,0.0,0.0,0.7079131924144496,0.011547642794898394,0.6420868075855504,1.0,0.336574132838533,0.0,1.0,0.6,0.0,0.4,-0.031351043855567994,0.0,0.901790824112927,0.14721880176758173,0.3,0.0,-0.031351043855567994
2025-11-10 21:15:00+00:00,2025-11-10 21:40:00+00:00,buy,105666.807,105302.59379285715,0.8,-0.3926358780948511,-0.46447400234073866,stop_loss,0.7096774193548387,range,5,40.772920051429445,1.4630621794349281,69.09128907723976,-67.62822689780484,0.3,0.20414636587681728,0.0008361603209515219,0.07471756484269283,0.0,0.0,0.0,0.0,0.0,0.7920692194208027,0.5579307805791973,0.0,1.0,0.49674044693329766,0.0,1.0,0.0,0.5,0.4,0.10920810651478643,0.0,1.1731599580365066,0.20414636587681728,0.3,0.0,0.10920810651478643
2025-11-20 13:40:00+00:00,2025-11-20 13:50:00+00:00,buy,91595.47485,91775.40934,0.9,0.06292076353739968,0.07632687051460778,take_profit,0.7419354838709676,range,2,57.476537242952986,33.883391121111345,11.852722149978483,22.03066897113286,0.3,0.2894134474030428,-0.00023702231720322038,0.09085683262542747,0.0,0.0,0.0,0.0,0.0,0.8320251556043499,0.08353422163176957,0.2950359143075115,1.0,0.5179748443956501,0.0,1.0,0.6,0.0,0.4,-0.14794916880788786,0.0,0.854289103359025,0.2894134474030428,0.3,0.0,-0.14794916880788786
2025-11-23 11:10:00+00:00,2025-11-23 11:30:00+00:00,buy,85960.05855,86109.98918142858,1.0,0.04668860278972148,0.054314298497789334,take_profit,0.7096774193548387,range,4,41.83196639065068,-22.79150332105928,22.879346550946146,-45.67084987200543,0.3,0.171652175676983,0.0004730757277204207,0.0022730090507087275,0.0,0.0,0.0,0.0,0.0,0.7581985793562485,0.29865367161670703,0.0,1.0,0.5918014206437515,0.0,1.0,0.0,0.5,0.4,0.04281839468236394,0.0,1.3333333333333608,0.171652175676983,0.3,0.0,0.04281839468236394
2025-11-27 22:50:00+00:00,2025-11-27 23:00:00+00:00,buy,91255.90514999999,91375.21810714286,0.9,0.008760854869728225,0.010667017298865634,take_profit,0.7096774193548387,range,2,43.96241051526141,-23.453193936264142,-6.859192642732883,-16.59400129353126,0.3,0.14432893778757472,7.143608403714026e-05,0.07096192836224374,0.0,0.0,0.0,0.0,0.0,0.8807775567498287,0.2020470557778547,0.09362764573149424,1.0,0.46922244325017126,0.0,1.0,0.0,0.5,0.4,-0.10327490540596825,0.0,1.3333333333333641,0.14432893778757472,0.3,0.0,-0.10327490540596825
2025-11-28 07:30:00+00:00,2025-11-28 07:40:00+00:00,buy,91222.78859999999,91006.57395,0.9,-0.2929970407769819,-0.3568760312266752,stop_loss,0.7419354838709676,range,2,53.77037435392759,12.49697283365822,5.242768447684883,7.2542043859733365,0.3,0.11433779497505728,0.0006049501711391891,0.02900918154678197,0.0,0.0,0.0,0.0,0.0,0.8319618686372543,0.3031993538623973,0.0,1.0,0.5180381313627457,0.0,1.0,0.6,0.0,0.4,0.08938958030501702,0.0,1.3333333333334496,0.11433779497505728,0.3,0.0,0.08938958030501702
2025-11-30 20:25:00+00:00,2025-11-30 20:40:00+00:00,buy,91293.32384999999,91080.43128857143,0.9,-0.29008513306052763,-0.35305628157572816,stop_loss,0.7419354838709676,range,3,46.3789559786452,12.458361378565314,4.4408241021161245,8.01753727644919,0.3,0.11114957261545133,-2.9222747927401303e-05,0.05654370544674478,0.0,0.0,0.0,0.0,0.0,0.876675207650684,0.1388493613281502,0.09674941136661971,1.0,0.473324792349316,0.0,1.0,0.6,0.0,0.4,-0.1266270431531646,0.0,1.2567610395099,0.11114957261545133,0.3,0.0,-0.1266270431531646
2025-12-06 07:35:00+00:00,2025-12-06 07:45:00+00:00,buy,89573.16419999998,89579.4628625,0.9,-0.09107362236373252,-0.11297235577336073,take_profit,0.7096774193548387,range,2,46.354950474764316,2.550788848850061,15.8115922288432,-13.260803379993138,0.3,0.10126874345379336,0.000525063192293255,0.06312932317661088,0.0,0.0,0.0,0.0,0.0,0.8924039656250193,0.39398782981089175,0.0,1.0,0.45759603437498064,0.0,1.0,0.0,0.5,0.4,0.06677731340030031,0.0,0.8812271855878211,0.10126874345379336,0.3,0.0,0.06677731340030031
2025-12-09 09:45:00+00:00,2025-12-09 10:15:00+00:00,buy,90185.6703,90073.84055,0.9,-0.197986910859004,-0.24392506678525444,stale_trade,0.7096774193548387,range,6,41.03891580387724,-19.139798212927417,26.936477086605198,-46.07627529953261,0.3,0.13813341126449505,0.0006096628915128887,0.0662385941196385,0.0,0.0,0.0,0.0,0.0,0.8767769355880077,0.4040815003006143,0.0,1.0,0.47322306441199224,0.0,1.0,0.0,0.5,0.4,-0.021378069448266777,0.0,1.3333333333333333,0.13813341126449505,0.3,0.0,-0.021378069448266777
2025-12-11 12:15:00+00:00,2025-12-11 12:20:00+00:00,buy,90179.6673,90188.55816249999,0.9,-0.0893970654997595,-0.11014686098482707,take_profit,0.7096774193548387,range,1,44.81637963437362,-13.250594601689954,2.1616508063940665,-15.41224540808402,0.3,0.09589626434878032,-4.8126951756763875e-05,0.08125589543188737,0.0,0.0,0.0,0.0,0.0,0.9237004025279653,0.03244473027478467,0.3061215006914127,1.0,0.4262995974720347,0.0,1.0,0.0,0.5,0.4,0.11705601885830261,0.0,0.9551896537474589,0.09589626434878032,0.3,0.0,0.11705601885830261
2025-12-11 14:45:00+00:00,2025-12-11 14:50:00+00:00,buy,89809.4823,89482.20223142859,0.9,-0.39136957136124706,-0.4841972898114284,stop_loss,0.7419354838709676,range,1,54.83438628781359,15.99354572116863,-12.88684827839173,28.88039399956036,0.3,0.22060876050087555,-0.0002892545390113368,0.031645010165300684,0.0,0.0,0.0,0.0,0.0,0.7775163882740368,0.0,0.25345804014050183,1.0,0.5724836117259632,0.0,1.0,0.6,0.0,0.4,-0.18171988735658962,0.0,1.2512714615494909,0.22060876050087555,0.3,0.0,-0.18171988735658962
2025-12-12 09:25:00+00:00,2025-12-12 09:45:00+00:00,buy,92112.73335,92197.58386142857,0.9,-0.02316211100844949,-0.02793932821479693,take_profit,0.7419354838709676,range,4,47.143574984934155,-27.681584740174003,-37.98363809122516,10.302053351051157,0.3,0.1201613302405459,-0.0002701454323185037,0.16609485368315258,0.0,0.0,0.0,0.0,0.0,0.9200610648293523,0.2621229551758215,0.42993893517064763,1.0,0.30709343680645523,0.0,1.0,0.6,0.0,0.4,-0.13164465662296634,0.0,1.3333333333333333,0.1201613302405459,0.3,0.0,-0.13164465662296634
2025-12-12 15:00:00+00:00,2025-12-12 15:05:00+00:00,buy,92150.75235,91800.57960571429,0.9,-0.414489189113223,-0.4997718756651439,stop_loss,0.7419354838709676,range,1,54.73155926662005,31.303521255991654,4.052109587861876,27.251411668129776,0.3,0.23360836712381117,6.902049137286139e-05,0.1089372358741625,0.0,0.0,0.0,0.0,0.0,0.8908602142991522,0.22939971618281288,0.22450543329286424,1.0,0.4591397857008478,0.0,1.0,0.6,0.0,0.4,0.10651779446477024,0.0,0.6587795593622351,0.23360836712381117,0.3,0.0,0.10651779446477024
2025-12-13 13:20:00+00:00,2025-12-13 13:30:00+00:00,buy,90303.82934999999,90114.83432857144,0.9,-0.26752159767212275,-0.3291623641823911,stop_loss,0.7419354838709676,range,2,52.77537703334262,-21.850193488731747,-28.858322994846937,7.008129506115189,0.3,0.0912060871377824,-0.0002785592779813827,0.10132293339450854,0.0,0.0,0.0,0.0,0.0,0.9577186788174704,0.07950216112374625,0.34267672802003935,1.0,0.3922813211825296,0.0,1.0,0.6,0.0,0.4,0.11553845921307651,0.0,0.7298626174981346,0.0912060871377824,0.3,0.0,0.11553845921307651
2025-12-16 17:50:00+00:00,2025-12-16 18:05:00+00:00,buy,87216.58649999999,87450.04167714286,0.9,0.11578968021292309,0.14751230860953404,take_profit,0.7096774193548387,range,3,39.332952079133946,-40.856332440293045,32.163254506287814,-73.01958694658086,0.3,0.22999421511575457,0.0013819953869398018,0.0051759196500100885,0.0,0.0,0.0,0.0,0.0,0.5924235363274221,0.7575764636725779,0.0,1.0,0.6196901210842747,0.0,1.0,0.0,0.5,0.4,0.051007515400826556,0.0,1.3333333333333333,0.22999421511575457,0.3,0.0,0.051007515400826556
2025-12-21 18:20:00+00:00,2025-12-21 18:30:00+00:00,buy,88022.28915,88116.57395857142,0.9,-0.010258658364349395,-0.012949571527612957,take_profit,0.7096774193548387,range,2,43.06263200947626,-15.043064137702459,31.362297970580652,-46.405362108283114,0.3,0.12954493161543912,4.492251691433995e-05,0.042531068970635466,0.0,0.0,0.0,0.0,0.0,0.8445561610576892,0.11313529204337876,0.06407749533426903,1.0,0.5054438389423108,0.0,1.0,0.0,0.5,0.4,-0.03503336386636425,0.0,1.3333333333333333,0.12954493161543912,0.3,0.0,-0.03503336386636425
2025-12-23 13:45:00+00:00,2025-12-23 14:05:00+00:00,buy,87595.07565,87701.62225250002,0.9,0.0012317253826684554,0.0015623980553300726,take_profit,0.7096774193548387,range,4,48.71923021111943,2.118059640051797,19.935232301970025,-17.817172661918228,0.3,0.17558685185551018,0.00040573759604511104,0.022942951678000006,0.0,0.0,0.0,0.0,0.0,0.7884486280580819,0.17976274282100232,0.0,1.0,0.5615513719419181,0.0,1.0,0.0,0.5,0.4,-0.058475600994551714,0.0,1.0526941424279472,0.17558685185551018,0.3,0.0,-0.058475600994551714
2025-12-26 08:05:00+00:00,2025-12-26 08:35:00+00:00,buy,88598.17695,88521.21725,0.9,-0.16490820286799296,-0.20681163295650878,stale_trade,0.7096774193548387,range,6,40.63051103726968,-92.73661490184895,-4.310176793402674,-88.42643810844628,0.3,0.2307553446464327,0.0009531945201393976,0.07242278290839722,0.0,0.0,0.0,0.0,0.0,0.6124226606241555,0.7375773393758445,0.0,1.0,0.514860874944953,0.0,1.0,0.0,0.5,0.4,0.09958166235563345,0.0,1.3333333333332937,0.2307553446464327,0.3,0.0,0.09958166235563345
2025-12-30 14:35:00+00:00,2025-12-30 14:40:00+00:00,buy,87907.5318,87961.16241750002,0.9,-0.04670153912743121,-0.059028615600920695,take_profit,0.7419354838709676,range,1,47.29207773715909,27.217320227253367,26.712963701971013,0.5043565252823541,0.3,0.1794746142234759,0.0008530675164613688,0.01652621210463595,0.0,0.0,0.0,0.0,0.0,0.7762081873870125,0.49434913212655096,0.0,1.0,0.5737918126129875,0.0,1.0,0.6,0.0,0.4,0.09048258420847011,0.0,0.748105116939229,0.1794746142234759,0.3,0.0,0.09048258420847011
2025-12-31 03:45:00+00:00,2025-12-31 05:15:00+00:00,buy,88427.39159999999,88261.84700000001,0.9,-0.2444023288439813,-0.30709731254809425,max_hold_bars,0.7096774193548387,range,18,42.63229303097519,-18.29812040895922,19.932193280457167,-38.23031368941639,0.3,0.12512882215495522,0.0005900925292854036,0.06314463060623783,0.0,0.0,0.0,0.0,0.0,0.8791806487272446,0.4410094123594146,0.0,1.0,0.47081935127275537,0.0,1.0,0.0,0.5,0.4,0.009008809196009713,0.0,1.3333333333332602,0.12512882215495522,0.3,0.0,0.009008809196009713
2025-12-31 23:00:00+00:00,2025-12-31 23:30:00+00:00,buy,87678.21719999998,87574.29095000001,0.9,-0.18816997940097746,-0.23846031724510816,stale_trade,0.7096774193548387,range,6,49.64679209261331,11.851467067244812,28.829135004382678,-16.977667937137866,0.3,0.09143506594279137,-0.00010160104623716723,0.17382812499999792,0.0,0.0,0.0,0.0,0.0,0.8770664323119717,0.25135028647862967,0.4729335676880283,1.0,0.27915113854832424,0.0,1.0,0.0,0.5,0.4,-0.08076391035217918,0.0,1.2220984132645958,0.09143506594279137,0.3,0.0,-0.08076391035217918
2026-01-02 23:40:00+00:00,2026-01-03 00:10:00+00:00,buy,89941.7484,90029.85398285715,0.9,-0.01788964071530314,-0.022100280377203612,take_profit,0.7096774193548387,range,6,46.12982842525828,-12.012159280609922,23.178908331406973,-35.191067612016894,0.3,0.12381657951911866,0.0003569361012262145,0.12564977684431858,0.0,0.0,0.0,0.0,0.0,0.8409966064204367,0.5090033935795633,0.014537343271764203,1.0,0.37241547199355846,0.0,1.0,0.0,0.5,0.4,0.10510018394854793,0.0,1.3333333333333697,0.12381657951911866,0.3,0.0,0.10510018394854793
2026-01-07 08:55:00+00:00,2026-01-07 09:05:00+00:00,buy,92708.1309,92496.32584428573,0.9,-0.2906349567847578,-0.3483273005570237,stop_loss,0.7096774193548387,range,2,45.426109808512614,0.28086506757244933,21.1470694963465,-20.86620442877405,0.3,0.10720244403380258,8.594646985645083e-05,0.0638356732830792,0.0,0.0,0.0,0.0,0.0,0.8902086206826251,0.20859836044101632,0.05738361157181367,1.0,0.4597913793173749,0.0,1.0,0.0,0.5,0.4,0.021947756923289256,0.0,1.0694374535605624,0.10720244403380258,0.3,0.0,0.021947756923289256
2026-01-08 02:30:00+00:00,2026-01-08 02:35:00+00:00,buy,91142.64855,90874.40863714287,0.9,-0.3397051324524714,-0.4141312033107608,stop_loss,0.7096774193548387,range,1,44.04604236920466,-3.7856008874514373,28.684688916496473,-32.47028980394791,0.3,0.16212684832212876,0.0004663144350828561,0.07835658765026167,0.0,0.0,0.0,0.0,0.0,0.8824175255546557,0.3427147988774212,0.0,1.0,0.4675824744453443,0.0,1.0,0.0,0.5,0.4,-0.11000159771533885,0.0,1.3333333333333608,0.16212684832212876,0.3,0.0,-0.11000159771533885
2026-01-09 01:35:00+00:00,2026-01-09 02:00:00+00:00,buy,90987.37094999998,91116.84878500001,0.9,0.018193772843124276,0.02221770224588182,take_profit,0.7419354838709676,range,5,46.292909202797325,27.123969316438888,27.012590705046446,0.11137861139244265,0.3,0.1823770372701041,0.0006886576315926025,0.054208479377727735,0.0,0.0,0.0,0.0,0.0,0.8198377979682819,0.530162202031718,0.0,1.0,0.516462201429744,0.0,1.0,0.6,0.0,0.4,0.02130052751260095,0.0,1.1080318690784503,0.1823770372701041,0.3,0.0,0.02130052751260095
2026-01-10 13:00:00+00:00,2026-01-10 13:05:00+00:00,buy,90690.3225,90656.12926,0.9,-0.1287009999503939,-0.15768067321184487,take_profit,0.7419354838709676,range,1,52.07895853076323,-2.10595730211935,-3.129076784021698,1.0231194819023481,0.3,0.06740581388934924,0.00020875987783888487,0.0335935651762556,0.0,0.0,0.0,0.0,0.0,0.8650710438614484,0.17332611086451416,0.0,1.0,0.4849289561385516,0.0,1.0,0.6,0.0,0.4,0.1075873898031437,0.0,0.7703218767047265,0.06740581388934924,0.3,0.0,0.1075873898031437
2026-01-11 06:25:00+00:00,2026-01-11 07:55:00+00:00,buy,90691.02285,90636.75895000002,0.9,-0.14675451217197866,-0.17979791599624273,max_hold_bars,0.7096774193548387,range,18,40.12357526513068,2.8743466591695324,15.499528103375471,-12.62518144420594,0.3,0.06746833314447641,0.00039222503733222683,0.08517513248028072,0.0,0.0,0.0,0.0,0.0,0.9455999325701562,0.3758109427957206,0.0,1.0,0.40440006742984375,0.0,1.0,0.0,0.5,0.4,-0.013277926215349439,0.0,1.1229268862417756,0.06746833314447641,0.3,0.0,-0.013277926215349439
2026-01-16 13:35:00+00:00,2026-01-16 13:40:00+00:00,buy,95308.33034999999,95369.45998714287,0.8,-0.04262162964752763,-0.055899664660749714,take_profit,0.7419354838709676,range,1,49.11076063172499,10.274660387382028,7.2693363599414775,3.00532402744055,0.3,0.10265813409187263,-0.0001576391201155703,0.15243440012133677,0.0,0.0,0.0,0.0,0.0,0.9509821349481827,0.23612546878708598,0.39901786505181724,1.0,0.31875773662082485,0.0,1.0,0.6,0.0,0.4,-0.45417566653934455,0.0,1.333333333333292,0.10265813409187263,0.3,0.0,-0.45417566653934455
2026-01-16 14:35:00+00:00,2026-01-16 15:00:00+00:00,buy,95260.6065,94984.35263714286,0.8,-0.31232067067153635,-0.4098240108721336,stop_loss,0.7419354838709676,range,5,57.21576264726856,23.430389447399648,4.339396336900151,19.090993110499497,0.3,0.15853177312221528,5.880391565870269e-06,0.09572724292427784,0.0,0.0,0.0,0.0,0.0,0.9118402544827223,0.1672120237586572,0.2316514884258338,1.0,0.4381597455172777,0.0,1.0,0.6,0.0,0.4,-0.10722289275267947,0.0,1.2228137421920193,0.15853177312221528,0.3,0.0,-0.10722289275267947
2026-01-17 02:15:00+00:00,2026-01-17 02:35:00+00:00,buy,95305.72905,95120.2161,0.8,-0.23981481367199148,-0.3145335753454261,stop_loss,0.7096774193548387,range,4,38.455751879676136,-41.06094247629517,-21.09069609020992,-19.970246386085247,0.3,0.07899590690975469,5.184926415833536e-05,0.11865950277752527,0.0,0.0,0.0,0.0,0.0,0.9915185817106678,0.2854152007683735,0.2089993941379818,1.0,0.3584814182893322,0.0,1.0,0.0,0.5,0.4,0.0428854403354013,0.0,1.333333333333387,0.07899590690975469,0.3,0.0,0.0428854403354013
2026-01-17 16:55:00+00:00,2026-01-17 18:10:00+00:00,buy,95293.52294999998,95364.443925,0.8,-0.03477904409998761,-0.045620944403320034,take_profit,0.7096774193548387,range,15,45.648633900699174,-34.980398820131086,-8.256489491567482,-26.723909328563604,0.3,0.13567138173026655,0.00014022733823757075,0.030761766132942348,0.0,0.0,0.0,0.0,0.0,0.8227273893696134,0.13495961986331534,0.0,1.0,0.5272726106303866,0.0,1.0,0.0,0.5,0.4,0.10404428378026874,0.0,1.0721261032189486,0.13567138173026655,0.3,0.0,0.10404428378026874
2026-01-20 14:45:00+00:00,2026-01-20 15:00:00+00:00,buy,90462.8088,90071.24756142858,0.9,-0.44989350514944887,-0.5525825242652387,stop_loss,0.7419354838709676,range,3,50.81249431871213,-25.779552152729593,-44.81674071346343,19.03718856073384,0.3,0.27768771945790627,-0.0008230368195058961,0.0600393411819969,0.0,0.0,0.0,0.0,0.0,0.750530914026777,0.0,0.599469085973223,1.0,0.5593955470350782,0.0,1.0,0.6,0.0,0.4,-0.6264728434391018,0.0,1.333333333333301,0.27768771945790627,0.3,0.0,-0.6264728434391018
2026-01-22 03:40:00+00:00,2026-01-22 04:10:00+00:00,buy,89826.19065,89795.77965,0.9,-0.1243657639620066,-0.153835068792386,stale_trade,0.7096774193548387,range,6,41.30804480040666,-43.07746217366366,-3.5331962520626305,-39.54426592160103,0.3,0.16732724011411199,0.0004064371427627094,0.07457399961707233,0.0,0.0,0.0,0.0,0.0,0.8735631248732981,0.3829125981411219,0.0,1.0,0.47643687512670185,0.0,1.0,0.0,0.5,0.4,0.1060574289458513,0.0,1.2900342335489325,0.16732724011411199,0.3,0.0,0.1060574289458513
2026-01-22 13:35:00+00:00,2026-01-22 13:40:00+00:00,buy,89862.10859999999,89646.80845857144,0.9,-0.2907049424973268,-0.3594457070904927,stop_loss,0.7419354838709676,range,1,44.044857218896595,14.274476736653014,11.814460489766244,2.46001624688677,0.3,0.11648262089157342,0.0002219997490354201,0.062232270347455335,0.0,0.0,0.0,0.0,0.0,0.8825890560245394,0.23330445119551463,0.02599667525221594,1.0,0.46741094397546057,0.0,1.0,0.6,0.0,0.4,-0.2549489839043495,0.0,1.3333333333334105,0.11648262089157342,0.3,0.0,-0.2549489839043495
2026-01-23 05:30:00+00:00,2026-01-23 05:45:00+00:00,buy,89721.23819999999,89512.23863428572,0.9,-0.28488568663335884,-0.352803481277461,stop_loss,0.7096774193548387,range,3,35.516305655403855,-27.10733104951214,17.16479360185287,-44.27212465136501,0.3,0.11093856832534574,0.0005870213859698697,0.010132188150031026,0.0,0.0,0.0,0.0,0.0,0.8041540941262708,0.34524838724442325,0.0,1.0,0.5458459058737292,0.0,1.0,0.0,0.5,0.4,0.07603769517921981,0.0,1.3333333333334145,0.11093856832534574,0.3,0.0,0.07603769517921981
2026-01-24 21:00:00+00:00,2026-01-24 21:25:00+00:00,buy,89306.43089999999,89271.60686750001,0.9,-0.1277737696444309,-0.15897047248416998,take_profit,0.7419354838709676,range,5,50.67634195521238,6.2660122522793245,2.9104196372980446,3.35559261498128,0.3,0.04578026178531821,-6.260842466120141e-05,0.11572606214330688,0.0,0.0,0.0,0.0,0.0,1.0,0.19626680424755033,0.2859251213495617,1.0,0.3445910650476681,0.0,1.0,0.6,0.0,0.4,0.11818332915205862,0.0,1.1106886907886604,0.04578026178531821,0.3,0.0,0.11818332915205862
2026-01-28 02:50:00+00:00,2026-01-28 03:00:00+00:00,buy,89152.3539,89230.07764250001,0.9,-0.026375144782944823,-0.03287150046353879,take_profit,0.7096774193548387,range,2,37.54843612742782,-38.79755449156801,-7.3468414698901485,-31.45071302167786,0.3,0.1342194510469337,0.0005703242765052734,0.07197209892200304,0.0,0.0,0.0,0.0,0.0,0.8128813797908951,0.5371186202091048,0.0,1.0,0.4621544182707216,0.0,1.0,0.0,0.5,0.4,0.08429590478940001,0.0,1.1630086399107362,0.1342194510469337,0.3,0.0,0.08429590478940001
2026-01-31 01:40:00+00:00,2026-01-31 02:10:00+00:00,buy,84033.996,83951.70315,0.9,-0.16477584254099822,-0.21786928886494702,stale_trade,0.7096774193548387,range,6,41.64188328287212,-13.464652098104125,5.01432421289601,-18.478976311000135,0.3,0.1289408515096698,0.0006923719488890642,0.010502540937318875,0.0,0.0,0.0,0.0,0.0,0.7947522696160667,0.45273631185126356,0.0,1.0,0.5552477303839333,0.0,1.0,0.0,0.5,0.4,0.11670873273907562,0.0,0.8896968297937389,0.1289408515096698,0.3,0.0,0.11670873273907562
2026-02-01 06:35:00+00:00,2026-02-01 06:45:00+00:00,buy,78527.24399999999,78305.81322142857,1.0,-0.3155306129042762,-0.40181037412222975,stop_loss,0.7419354838709676,range,2,46.406343938123044,-41.895429344222066,-44.227512620540224,2.3320832763181585,0.3,0.15184304789085404,-0.0002984306741319116,0.030245246040569884,0.0,0.0,0.0,0.0,0.0,0.8130844427760384,0.0,0.3493299271308812,1.0,0.5369155572239616,0.0,1.0,0.6,0.0,0.4,0.08195371735952262,0.0,1.3333333333332995,0.15184304789085404,0.3,0.0,0.08195371735952262
2026-02-14 23:30:00+00:00,2026-02-15 00:00:00+00:00,buy,69849.00705,69749.70770000001,1.1,-0.20136443673498525,-0.26207756785854924,stale_trade,0.7096774193548387,range,6,42.52964222582386,-13.502443044490064,0.9566055868083461,-14.45904863129841,0.3,0.17080053619949928,0.000306919725514942,0.11490771955887602,0.0,0.0,0.0,0.0,0.0,0.9261406229624851,0.42385937703751486,0.05492278779113527,1.0,0.4153676266618369,0.0,1.0,0.0,0.5,0.4,0.11075119530407011,0.0,0.581166886306499,0.17080053619949928,0.3,0.0,0.11075119530407011
2026-02-19 08:35:00+00:00,2026-02-19 09:20:00+00:00,buy,66951.55905,67053.66496714287,1.2,0.02604333927911163,0.0324156495241361,take_profit,1.0,range,9,31.21748191782096,-18.89886810714961,25.63662383598573,-44.53549194313534,0.3,0.1579436014215241,0.0010103889625661215,0.08749365374851299,0.0,0.0,0.0,0.0,0.0,0.6476818579655399,0.7023181420344601,0.0,1.0,0.4511513127575157,1.0,1.0,0.0,0.5,0.4,0.07215297862136809,0.0,1.3333333333333333,0.1579436014215241,0.3,0.0,0.07215297862136809
2026-02-21 00:50:00+00:00,2026-02-21 01:20:00+00:00,buy,67864.7154,67789.78815000001,1.2,-0.18758394255599203,-0.23034054030674295,stale_trade,0.7096774193548387,range,6,44.450602318924346,-5.314644962694729,15.844475403377679,-21.159120366072408,0.3,0.1071679195039112,0.0009781147175055886,0.07811597789325815,0.0,0.0,0.0,0.0,0.0,0.7119978806143636,0.6380021193856363,0.0,1.0,0.4374684421618274,0.0,1.0,0.0,0.5,0.4,0.01276495443002588,0.0,1.125167862172869,0.1071679195039112,0.3,0.0,0.01276495443002588
2026-02-21 16:25:00+00:00,2026-02-21 16:30:00+00:00,buy,68285.1255,68073.7689457143,1.1,-0.32248908004843696,-0.4293349229520338,stop_loss,0.7096774193548387,range,1,34.68937943921607,-5.866988554698764,46.195264505787264,-52.06225306048603,0.3,0.17481690482818305,0.001284839692151765,0.0041317821028628715,0.0,0.0,0.0,0.0,0.0,0.6752818876887948,0.6747181123112052,0.0,1.0,0.5908153792501529,0.0,1.0,0.0,0.5,0.4,0.10327057727631812,0.0,1.3333333333333333,0.17481690482818305,0.3,0.0,0.10327057727631812
2026-02-24 01:05:00+00:00,2026-02-24 01:10:00+00:00,buy,64615.79175,64414.23677,1.2,-0.33476759653439225,-0.431741203746828,stop_loss,0.7419354838709676,range,1,47.84029861703036,47.06145577161078,46.04245071078865,1.0190050608221313,0.3,0.17682535012812822,0.0008779181486304776,0.07051564565888067,0.0,0.0,0.0,0.0,0.0,0.862218330703562,0.4572005318582154,0.0,1.0,0.48778166929643796,0.0,1.0,0.6,0.0,0.4,0.10326265147026596,0.0,1.3333333333333333,0.17682535012812822,0.3,0.0,0.10326265147026596
2026-02-24 12:35:00+00:00,2026-02-24 12:50:00+00:00,buy,63088.42845,62907.72754428572,1.2,-0.30755831917302007,-0.40625294623399366,stop_loss,0.7419354838709676,range,3,53.31508816660156,15.473916294184164,4.2226602705953376,11.251256023588827,0.3,0.15555112015610276,-0.00014079646693955573,0.06289308176100589,0.0,0.0,0.0,0.0,0.0,0.862112621212406,0.0,0.31860165232364157,1.0,0.48788737878759403,0.0,1.0,0.6,0.0,0.4,-0.1535662377655614,0.0,1.1971247208468427,0.15555112015610276,0.3,0.0,-0.1535662377655614
2026-02-25 23:00:00+00:00,2026-02-25 23:30:00+00:00,buy,68384.57519999999,68058.05395,1.1,-0.4492255102389898,-0.5971914372438637,stop_loss,0.7096774193548387,range,6,39.41833028229083,-159.69246632713475,-79.46555959779585,-80.2269067293389,0.3,0.3149213464734692,0.00035713805757322815,0.09463696594595762,0.0,0.0,0.0,0.0,0.0,0.6270871070998374,0.7229128929001626,0.0,1.0,0.5269111360764084,0.0,1.0,0.0,0.5,0.4,0.11158057255279834,0.0,1.3333333333333521,0.3149213464734692,0.3,0.0,0.11158057255279834
2026-03-04 03:25:00+00:00,2026-03-04 03:30:00+00:00,buy,67976.67134999999,67706.65545142858,1.1,-0.38656848411749156,-0.5169801457956578,stop_loss,0.7419354838709676,range,1,47.17794518907135,-5.860527879864094,-8.815014466704616,2.954486586840522,0.3,0.24797155754565578,-9.044715778001546e-05,0.02604764638346953,0.0,0.0,0.0,0.0,0.0,0.7533587349263079,0.04489433508105176,0.06363752485007129,1.0,0.5966412650736921,0.0,1.0,0.6,0.0,0.4,-0.09176393943075772,0.0,1.3333333333333333,0.24797155754565578,0.3,0.0,-0.09176393943075772
2026-03-05 14:35:00+00:00,2026-03-05 14:50:00+00:00,buy,72193.97894999999,72489.52282142857,1.1,0.22960714740230037,0.28912905674625883,take_profit,0.7419354838709676,range,3,53.36441480830102,-61.93659271717479,-83.95721102749317,22.020618310318383,0.3,0.3186464287743537,-0.0010163424631337889,0.04667596885268537,0.0,0.0,0.0,0.0,0.0,0.7471768383817746,0.0,0.5806747276700153,1.0,0.6028231616182254,0.0,1.0,0.6,0.0,0.4,-0.23660869502711152,0.0,1.3333333333333333,0.3186464287743537,0.3,0.0,-0.23660869502711152
2026-03-05 23:30:00+00:00,2026-03-06 00:00:00+00:00,buy,70881.2229,70839.5625,1.1,-0.13936215836399274,-0.17873968035051127,stale_trade,0.7419354838709676,range,6,53.601069494863324,2.834085307258647,1.6267828584733726,1.2073024487852744,0.3,0.1607011283661143,-0.00016738435557072458,0.012485593545908776,0.0,0.0,0.0,0.0,0.0,0.7807172448070862,0.0,0.23143731944036733,1.0,0.5692827551929138,0.0,1.0,0.6,0.0,0.4,-0.693800380813927,0.0,1.3333333333334043,0.1607011283661143,0.3,0.0,-0.693800380813927
2026-03-08 02:45:00+00:00,2026-03-08 02:50:00+00:00,buy,67063.41494999999,66865.91603142857,1.1,-0.30564216887630724,-0.4143190700435384,stop_loss,0.7419354838709676,range,1,58.8430690176928,-2.9430351426417474,-10.965928560315437,8.02289341767369,0.3,0.1622836546504887,-0.0004758947034650812,0.005170102763774756,0.0,0.0,0.0,0.0,0.0,0.7683943407647614,0.0,0.2769035441650213,1.0,0.5816056592352385,0.0,1.0,0.6,0.0,0.4,-0.26030562611590174,0.0,1.3333333333332962,0.1622836546504887,0.3,0.0,-0.26030562611590174
2026-03-11 22:25:00+00:00,2026-03-11 22:35:00+00:00,buy,70459.212,70240.39651857143,1.1,-0.3335587711936801,-0.43036990896195254,stop_loss,0.7419354838709676,range,2,45.80150135028,27.510967820329824,25.770790151051703,1.740177669278122,0.3,0.17568077441131993,0.0006604573506880267,0.0690456185439623,0.0,0.0,0.0,0.0,0.0,0.8063890694143843,0.5436109305856157,0.0,1.0,0.4895898679686099,0.0,1.0,0.6,0.0,0.4,-0.05385118788317794,0.0,1.2260069664952922,0.17568077441131993,0.3,0.0,-0.05385118788317794
2026-03-12 14:25:00+00:00,2026-03-12 14:35:00+00:00,buy,69935.1501,69513.03752285715,1.1,-0.5563596386882194,-0.7232149913074443,stop_loss,0.7419354838709676,range,2,49.45442171023645,-39.61496253609948,-45.89580224980643,6.280839713706946,0.3,0.4201091597121935,0.0003043541933917884,0.05956842909646641,0.0,0.0,0.0,0.0,0.0,0.7106645331261559,0.2446692074392276,0.003532580462715776,1.0,0.6393354668738441,0.0,1.0,0.6,0.0,0.4,0.047988933835971116,0.0,0.8788026204839025,0.4201091597121935,0.3,0.0,0.047988933835971116
2026-03-15 16:20:00+00:00,2026-03-15 16:50:00+00:00,buy,71377.97115,71344.21005,1.1,-0.1313338495920037,-0.16727066740114727,stale_trade,0.7419354838709676,range,6,45.02183852320757,-7.170829318798496,-7.669143461290056,0.4983141424915596,0.3,0.14120054201464557,-0.00047347838181507104,0.0014134275618374558,0.0,0.0,0.0,0.0,0.0,0.7738551113704955,0.0,0.19932402942159308,1.0,0.5761448886295045,0.0,1.0,0.6,0.0,0.4,-0.35734099458590923,0.0,1.1982261457372918,0.14120054201464557,0.3,0.0,-0.35734099458590923
2026-03-21 08:10:00+00:00,2026-03-21 08:15:00+00:00,buy,70692.42855,70536.16855857144,1.1,-0.26509686466306537,-0.3409094221784177,stop_loss,0.7096774193548387,range,1,46.27495450805139,-5.502857097701053,8.633785184936528,-14.136642282637581,0.3,0.10101097918175453,0.0004042484704131456,0.001660577881102752,0.0,0.0,0.0,0.0,0.0,0.7964987192813529,0.26741326580081726,0.0,1.0,0.5535012807186471,0.0,1.0,0.0,0.5,0.4,0.08778401335139571,0.0,0.8680527755534864,0.10101097918175453,0.3,0.0,0.08778401335139571
2026-03-21 11:10:00+00:00,2026-03-21 11:35:00+00:00,buy,70561.96334999999,70553.355675,1.1,-0.10260455305649122,-0.13219142720323984,take_profit,0.7419354838709676,range,5,47.097654830502215,-16.983609214963508,-18.5516000596354,1.5679908446718933,0.3,0.07955447065741612,-0.0004157671821891692,0.020062695924762154,0.0,0.0,0.0,0.0,0.0,0.8371773386914341,0.0,0.2171091987311713,1.0,0.5128226613085659,0.0,1.0,0.6,0.0,0.4,0.09662302831934376,0.0,0.9201145767026598,0.07955447065741612,0.3,0.0,0.09662302831934376
2026-03-24 04:30:00+00:00,2026-03-24 04:40:00+00:00,buy,70405.58519999999,70227.58578428571,1.1,-0.2886172501353357,-0.3726683295927645,stop_loss,0.7419354838709676,range,2,47.014891493830355,9.746110498381313,-1.6317177216026195,11.377828219983932,0.3,0.12751911924006892,-0.0005247401774646764,0.0027828575972012144,0.0,0.0,0.0,0.0,0.0,0.783620446923706,0.0,0.26722126669925844,1.0,0.566379553076294,0.0,1.0,0.6,0.0,0.4,0.035273590361396066,0.0,1.1094152139883415,0.12751911924006892,0.3,0.0,0.035273590361396066
2026-03-29 05:20:00+00:00,2026-03-29 05:25:00+00:00,buy,66698.7327,66551.75033571429,1.1,-0.24962591951785043,-0.3402353311986343,stop_loss,0.7096774193548387,range,1,44.34481626681611,-18.650256458146032,5.946204968058361,-24.596461426204392,0.3,0.10044833708983326,0.000567625278074683,0.0011725444213971155,0.0,0.0,0.0,0.0,0.0,0.7960561662053831,0.21970637383368025,0.0,1.0,0.5539438337946169,0.0,1.0,0.0,0.5,0.4,0.10174199831087956,0.0,1.3333333333332729,0.10044833708983326,0.3,0.0,0.10174199831087956
2026-04-03 12:35:00+00:00,2026-04-03 12:50:00+00:00,buy,66819.29294999999,66607.06266571427,1.1,-0.32151470742066024,-0.4374277020169303,stop_loss,0.7419354838709676,range,3,48.30895463564855,35.30988890393928,34.183321436612324,1.1265674673269572,0.3,0.18157168760813955,0.0007374302520312673,0.10679923027581575,0.0,0.0,0.0,0.0,0.0,0.7401617909442567,0.6098382090557433,0.0,1.0,0.43384659107783463,0.0,1.0,0.6,0.0,0.4,0.017118000960778264,0.0,0.9258015746795408,0.18157168760813955,0.3,0.0,0.017118000960778264
2026-04-05 12:20:00+00:00,2026-04-05 12:30:00+00:00,buy,66912.33944999998,66787.98358857143,1.1,-0.22503366077687045,-0.3057374124612235,stop_loss,0.7096774193548387,range,2,42.84146853016224,-15.932706486695679,-1.692111660503993,-14.240594826191685,0.3,0.07165403224549029,5.4655925785198974e-05,0.16121284899430982,0.0,0.0,0.0,0.0,0.0,0.9959543674770466,0.31767457162000423,0.3540456325229534,1.0,0.2878939784707462,0.0,1.0,0.0,0.5,0.4,0.03180073335622965,0.0,1.3333333333333333,0.07165403224549029,0.3,0.0,0.03180073335622965
2026-04-11 13:20:00+00:00,2026-04-11 13:50:00+00:00,buy,72672.61815,72596.8834,1.0,-0.1628964509299887,-0.2241510696556468,stale_trade,0.7096774193548387,range,6,45.99431012044642,-21.69990564948239,2.8277043623991416,-24.52761001188153,0.3,0.14352327968247566,6.929586783196176e-05,0.009035675338842235,0.0,0.0,0.0,0.0,0.0,0.7845015757753375,0.05343382326218132,0.0,1.0,0.5654984242246625,0.0,1.0,0.0,0.5,0.4,-0.06461935514884729,0.0,1.3333333333332946,0.14352327968247566,0.3,0.0,-0.06461935514884729
2026-04-12 20:15:00+00:00,2026-04-12 20:30:00+00:00,buy,71030.39744999999,71047.0836875,1.0,-0.06856025118249447,-0.09652240962153658,take_profit,0.7096774193548387,range,3,41.13899819361422,-0.7078058053157292,17.834737901275698,-18.542543706591427,0.3,0.08289327824955797,0.0003037711893076192,0.0002543234995061773,0.0,0.0,0.0,0.0,0.0,0.804343613144605,0.08507648907213464,0.0,1.0,0.545656386855395,0.0,1.0,0.0,0.5,0.4,-0.03356825957389534,0.0,1.2422118380061888,0.08289327824955797,0.3,0.0,-0.03356825957389534
2026-04-15 14:00:00+00:00,2026-04-15 14:15:00+00:00,buy,73921.5423,74112.59944857145,1.0,0.10223666352230346,0.13830428903578687,take_profit,0.7096774193548387,range,3,46.63431320072046,-38.2732983539172,11.567642860518182,-49.84094121443538,0.3,0.2242299864537795,0.0003457427710415645,0.043482130935953614,0.0,0.0,0.0,0.0,0.0,0.7935926229561988,0.24960590617599715,0.0,1.0,0.5564073770438012,0.0,1.0,0.0,0.5,0.4,0.078488412965259,0.0,1.3333333333333577,0.2242299864537795,0.3,0.0,0.078488412965259
