entry_time,exit_time,side,entry_price,exit_price,size,pnl,bars_held,exit_reason,regime,confidence
2026-01-13 00:25:00+00:00,2026-01-13 00:40:00+00:00,sell,91352.20105,91262.31835499998,1.2,-0.023623219971573503,3,take_profit,chop_mean_rev,0.5752581203047965
2026-01-13 08:50:00+00:00,2026-01-13 09:00:00+00:00,sell,92127.913,92307.93022500079,1.2,-0.3488144771229474,2,stop_loss,chop_mean_rev,0.602499850767209
2026-01-13 10:45:00+00:00,2026-01-13 13:30:00+00:00,buy,92049.30165,92231.23631250001,1.2,0.08563960766702162,33,take_profit,chop_mean_rev,0.5681839731236868
2026-01-13 19:40:00+00:00,2026-01-13 19:50:00+00:00,sell,93936.2084,94193.18521281859,1.2,-0.4438253387835282,2,stop_loss,chop_mean_rev,0.6218521070548756
2026-01-13 19:50:00+00:00,2026-01-13 20:05:00+00:00,sell,94117.91750000001,94366.99584092126,1.2,-0.43460314671095784,3,stop_loss,chop_mean_rev,0.6287208751311406
2026-01-14 22:40:00+00:00,2026-01-14 22:55:00+00:00,buy,97040.59605000001,96832.42087651794,1.1,-0.35694888200178093,3,stop_loss,chop_mean_rev,0.6425241312181654
2026-01-15 00:25:00+00:00,2026-01-15 00:35:00+00:00,buy,96698.5251,96391.90216918921,1.1,-0.4647249058895304,2,stop_loss,chop_mean_rev,0.5743957412798458
2026-01-15 00:35:00+00:00,2026-01-15 01:05:00+00:00,buy,96578.265,96869.610965,1.1,0.1928049633631005,6,take_profit,chop_mean_rev,0.5677345850134096
2026-01-15 09:40:00+00:00,2026-01-15 09:50:00+00:00,sell,96998.57645000001,97147.66157273672,1.1,-0.2921301521053865,2,stop_loss,chop_mean_rev,0.6689334993205229
2026-01-15 20:30:00+00:00,2026-01-15 21:45:00+00:00,buy,95176.7646,95499.92615,1.1,0.22963108910500485,15,take_profit,chop_mean_rev,0.5848201113813345
2026-01-15 22:00:00+00:00,2026-01-16 01:30:00+00:00,sell,95586.3829,95881.32921087109,1.1,-0.45080963195137563,42,stop_loss,chop_mean_rev,0.5632919134775585
2026-01-16 10:25:00+00:00,2026-01-16 10:35:00+00:00,buy,95447.19975,95213.54248798975,1.1,-0.38285907808835096,2,stop_loss,chop_mean_rev,0.5576816983293691
2026-01-16 12:25:00+00:00,2026-01-16 12:50:00+00:00,sell,95489.53135,95400.13122749998,1.1,-0.027647042551122783,5,take_profit,chop_mean_rev,0.5850082271086973
2026-01-18 01:10:00+00:00,2026-01-18 01:50:00+00:00,buy,94949.15084999999,94787.19898078822,1.1,-0.30337304702126816,8,stop_loss,chop_mean_rev,0.6227340774784672
2026-01-18 08:50:00+00:00,2026-01-18 09:35:00+00:00,sell,95125.11365,95267.88953741374,1.1,-0.2827128582588029,9,stop_loss,chop_mean_rev,0.6130512749860522
2026-01-18 18:50:00+00:00,2026-01-18 18:55:00+00:00,sell,95333.60935000001,95543.37354911242,1.1,-0.35671942773706633,1,stop_loss,chop_mean_rev,0.5657521762825362
2026-01-19 07:50:00+00:00,2026-01-19 07:55:00+00:00,sell,92732.31065,92839.85134676528,1.2,-0.2626607927560089,1,stop_loss,chop_mean_rev,0.7005525971567311
2026-01-19 07:55:00+00:00,2026-01-19 08:15:00+00:00,sell,92722.91535000001,92908.5535601426,1.1,-0.3267188006375369,4,stop_loss,chop_mean_rev,0.6065124880461017
2026-01-19 18:25:00+00:00,2026-01-19 20:10:00+00:00,buy,92970.66209999999,93136.53343750001,1.1,0.059627722195274756,21,take_profit,chop_mean_rev,0.6363170931974508
2026-01-20 12:20:00+00:00,2026-01-20 12:55:00+00:00,buy,91063.60905,91206.3190275,1.2,0.04001762478419418,7,take_profit,chop_mean_rev,0.6881401962645891
2026-01-21 00:40:00+00:00,2026-01-21 01:50:00+00:00,sell,88779.68795,89178.26908782433,1.2,-0.6064270944564216,14,stop_loss,chop_mean_rev,0.5751799501389717
2026-01-21 02:10:00+00:00,2026-01-21 02:30:00+00:00,sell,89210.1726,89016.94122749999,1.2,0.10355412504421573,4,take_profit,chop_mean_rev,0.5848948835249566
2026-01-21 03:45:00+00:00,2026-01-21 04:45:00+00:00,sell,89419.36795000001,89658.78917726391,1.2,-0.4162417458483075,12,stop_loss,chop_mean_rev,0.6001362558626231
2026-01-21 16:35:00+00:00,2026-01-21 16:40:00+00:00,buy,88860.90825,88702.90468350824,1.2,-0.31745022510222864,1,stop_loss,chop_mean_rev,0.6876310595015055
2026-01-21 18:50:00+00:00,2026-01-21 19:25:00+00:00,sell,88341.90695,88773.27925021254,1.2,-0.6451696943191931,7,stop_loss,chop_mean_rev,0.6043786718172498
2026-01-22 07:55:00+00:00,2026-01-22 09:05:00+00:00,buy,89807.58135,89942.916045,1.2,0.03298127587561475,14,take_profit,chop_mean_rev,0.5950140154978654
2026-01-22 13:45:00+00:00,2026-01-22 13:50:00+00:00,buy,89644.29974999999,89515.62248642526,1.2,-0.28340786029990567,1,stop_loss,chop_mean_rev,0.6794758989643958
2026-01-23 01:55:00+00:00,2026-01-23 02:55:00+00:00,sell,89854.35035000001,89666.2557225,1.2,0.09645871662780288,12,take_profit,chop_mean_rev,0.6144509700331428
2026-01-23 04:10:00+00:00,2026-01-23 05:15:00+00:00,sell,90005.97450000001,89829.39224999999,1.2,0.08241723594002559,13,take_profit,chop_mean_rev,0.6890043727277777
2026-01-23 05:25:00+00:00,2026-01-23 05:45:00+00:00,buy,89655.90555,89498.08609599118,1.2,-0.31837421879569194,4,stop_loss,chop_mean_rev,0.6367289038210078
2026-01-23 08:35:00+00:00,2026-01-23 09:15:00+00:00,buy,89268.01169999999,89065.14250810797,1.2,-0.3718429013002654,8,stop_loss,chop_mean_rev,0.602691459283611
2026-01-23 19:20:00+00:00,2026-01-23 19:30:00+00:00,buy,90066.8109,89663.5297458901,1.2,-0.613343230196912,2,stop_loss,chop_mean_rev,0.5941104777705623
2026-01-24 03:00:00+00:00,2026-01-24 03:05:00+00:00,sell,89750.80215,89869.6273675457,1.1,-0.24925722278185228,1,stop_loss,chop_mean_rev,0.662137201678188
2026-01-24 03:05:00+00:00,2026-01-24 03:25:00+00:00,sell,89784.0855,89932.9662291834,1.1,-0.2823820562429951,4,stop_loss,chop_mean_rev,0.6325282573381035
2026-01-24 14:00:00+00:00,2026-01-24 14:05:00+00:00,buy,89389.4724,89286.0945020404,1.1,-0.23164156191090166,1,stop_loss,chop_mean_rev,0.675427979165157
2026-01-24 15:55:00+00:00,2026-01-24 16:00:00+00:00,buy,89264.71005,89136.89557107318,1.1,-0.2583409865294012,1,stop_loss,chop_mean_rev,0.6396587639355509
2026-01-25 03:35:00+00:00,2026-01-25 03:45:00+00:00,buy,88961.15835,88769.29835099207,1.1,-0.3283481003313709,2,stop_loss,chop_mean_rev,0.5804715007565266
2026-01-25 10:25:00+00:00,2026-01-25 12:20:00+00:00,sell,88554.60055,88741.0055220436,1.1,-0.3220605692555104,23,stop_loss,chop_mean_rev,0.5944602683468954
2026-01-25 15:55:00+00:00,2026-01-25 16:00:00+00:00,buy,88465.31055,88309.99457689324,1.1,-0.2875192718011824,1,stop_loss,chop_mean_rev,0.6332221756528147
2026-01-25 18:35:00+00:00,2026-01-25 18:40:00+00:00,buy,87405.38084999999,87122.68339107046,1.2,-0.4648971569690041,1,stop_loss,chop_mean_rev,0.6116831241875857
2026-01-26 03:35:00+00:00,2026-01-26 03:55:00+00:00,buy,87280.6185,87009.2313823841,1.2,-0.45115323305439764,4,stop_loss,chop_mean_rev,0.5850397719478952
2026-01-26 15:15:00+00:00,2026-01-26 15:40:00+00:00,sell,88625.0653,88002.90446249998,1.1,0.5678024612067737,5,take_profit,chop_mean_rev,0.6388155520271734
2026-01-26 18:25:00+00:00,2026-01-26 18:55:00+00:00,sell,88003.57620000001,88396.47207865541,1.1,-0.5486094983848521,6,stop_loss,chop_mean_rev,0.5811089571693981
2026-01-26 20:10:00+00:00,2026-01-26 20:50:00+00:00,buy,87906.43125,87604.58207588534,1.1,-0.4478713603212073,8,stop_loss,chop_mean_rev,0.578041092565183
2026-01-26 23:35:00+00:00,2026-01-26 23:40:00+00:00,sell,88532.1118,88673.28898062826,1.1,-0.27225046320630414,1,stop_loss,chop_mean_rev,0.6700330461309696
2026-01-27 04:50:00+00:00,2026-01-27 05:10:00+00:00,buy,88556.8563,88362.02151411584,1.1,-0.3310847238298913,4,stop_loss,chop_mean_rev,0.5916775607099517
2026-01-27 10:50:00+00:00,2026-01-27 11:30:00+00:00,buy,87803.0796,87876.09997,1.1,-0.03562585151620179,8,take_profit,chop_mean_rev,0.6003976300970707
2026-01-27 16:10:00+00:00,2026-01-27 16:20:00+00:00,sell,88343.30625000001,88615.45892558638,1.1,-0.4161607281608987,2,stop_loss,chop_mean_rev,0.6298977699346209
2026-01-27 18:55:00+00:00,2026-01-27 19:20:00+00:00,sell,88187.98395000001,88346.48631531809,1.1,-0.29086535222500165,5,stop_loss,chop_mean_rev,0.688094370305043
2026-01-28 13:35:00+00:00,2026-01-28 13:40:00+00:00,sell,90200.47720000001,90405.54460869126,1.1,-0.3447741239541088,1,stop_loss,chop_mean_rev,0.6216782050608783
2026-01-28 13:40:00+00:00,2026-01-28 14:25:00+00:00,sell,90334.0104,90004.7648925,1.1,0.24314646655695377,9,take_profit,chop_mean_rev,0.6769069167090983
2026-01-28 14:45:00+00:00,2026-01-28 15:05:00+00:00,buy,89653.70444999999,89421.09652270027,1.1,-0.37405808867166956,4,stop_loss,chop_mean_rev,0.6209699856677064
2026-01-28 17:55:00+00:00,2026-01-28 18:00:00+00:00,sell,90104.5252,89698.03160249998,1.1,0.3284732697603789,1,take_profit,chop_mean_rev,0.5940985790773134
2026-01-28 19:40:00+00:00,2026-01-28 19:50:00+00:00,buy,89042.39894999999,89505.314955,1.1,0.39136611432270707,2,take_profit,chop_mean_rev,0.6969302777836992
2026-01-29 08:15:00+00:00,2026-01-29 08:25:00+00:00,buy,88005.48074999999,88210.8375175,1.1,0.10958967419345945,2,take_profit,chop_mean_rev,0.5904389160899601
2026-01-29 21:45:00+00:00,2026-01-30 00:50:00+00:00,sell,84563.0973,84217.2525825,1.2,0.29349180908458705,37,take_profit,chop_mean_rev,0.588973992096692
2026-01-30 11:55:00+00:00,2026-01-30 12:00:00+00:00,sell,83044.2571,83350.35723594592,1.2,-0.48712428545698355,1,stop_loss,chop_mean_rev,0.5842403619664436
2026-01-30 14:45:00+00:00,2026-01-30 14:55:00+00:00,sell,83431.76325,82922.870715,1.2,0.49089570554520756,2,take_profit,chop_mean_rev,0.5810750564409912
2026-01-31 06:30:00+00:00,2026-01-31 07:15:00+00:00,buy,83710.6344,83582.3557008199,1.2,-0.2743853918887064,9,stop_loss,chop_mean_rev,0.650777312967062
2026-01-31 13:35:00+00:00,2026-01-31 14:05:00+00:00,buy,82533.34605000001,82805.30163750002,1.2,0.2073028786650094,6,take_profit,chop_mean_rev,0.6346969204181051
2026-01-31 18:40:00+00:00,2026-01-31 22:40:00+00:00,buy,77556.45885,77999.28085000001,0.8,0.2795908449440117,48,max_hold_bars,chop_mean_rev,0.5891245130595674
2026-01-31 23:25:00+00:00,2026-02-01 00:10:00+00:00,sell,78901.9293,79190.57719645476,1.3,-0.4985544204584187,9,stop_loss,chop_mean_rev,0.6434368244111581
2026-02-01 05:50:00+00:00,2026-02-01 06:45:00+00:00,buy,78560.0604,78290.96114946279,1.3,-0.4721728225069571,11,stop_loss,chop_mean_rev,0.5799685944359638
2026-02-01 06:45:00+00:00,2026-02-01 06:50:00+00:00,buy,78331.9464,78170.47746873934,1.3,-0.33198150125648024,1,stop_loss,chop_mean_rev,0.6444328316803636
2026-02-01 06:50:00+00:00,2026-02-01 07:00:00+00:00,buy,78372.9669,78067.75874754204,1.3,-0.5187943642004248,2,stop_loss,chop_mean_rev,0.5519820225355525
2026-02-01 08:40:00+00:00,2026-02-01 09:55:00+00:00,sell,78788.08625000001,79018.93325811555,1.2,-0.39063746378449027,15,stop_loss,chop_mean_rev,0.6226958883044128
2026-02-01 14:20:00+00:00,2026-02-01 14:25:00+00:00,buy,78063.91244999999,77763.73949283801,1.3,-0.5117704128259875,1,stop_loss,chop_mean_rev,0.5818752839343648
2026-02-01 19:45:00+00:00,2026-02-01 19:55:00+00:00,buy,77288.72505000001,77071.64960614324,1.3,-0.40259916924558936,2,stop_loss,chop_mean_rev,0.6489244334925537
2026-02-02 00:20:00+00:00,2026-02-02 01:10:00+00:00,sell,77866.14745,77055.9237075,0.7,0.5020893498638539,10,take_profit,chop_mean_rev,0.5829827128214548
2026-02-02 02:50:00+00:00,2026-02-02 03:10:00+00:00,buy,76698.33,76173.32973185016,1.1,-0.6783955903878501,4,stop_loss,chop_mean_rev,0.581249466167133
2026-02-02 20:55:00+00:00,2026-02-02 21:05:00+00:00,buy,77989.67534999999,78285.1728325,1.2,0.2420790883086119,2,take_profit,chop_mean_rev,0.6486255700605961
2026-02-02 22:05:00+00:00,2026-02-02 23:35:00+00:00,sell,78668.74595000001,78914.37836922513,1.2,-0.4082187525799855,18,stop_loss,chop_mean_rev,0.6159975800458831
2026-02-03 14:40:00+00:00,2026-02-03 14:45:00+00:00,buy,77877.7194,77676.3335019813,1.2,-0.35366199571187484,1,stop_loss,chop_mean_rev,0.6556061115580921
2026-02-03 15:00:00+00:00,2026-02-03 15:15:00+00:00,buy,77431.2963,76977.34075607729,1.2,-0.6559208713876296,3,stop_loss,chop_mean_rev,0.5908865364845272
2026-02-03 22:15:00+00:00,2026-02-04 01:00:00+00:00,buy,75816.78945,76324.088865,1.1,0.45761637681210143,33,take_profit,chop_mean_rev,0.5827191718929957
2026-02-04 02:45:00+00:00,2026-02-04 03:10:00+00:00,buy,75811.0866,76332.49466000001,1.3,0.5591584846172211,5,take_profit,chop_mean_rev,0.6696447585680212
2026-02-04 05:50:00+00:00,2026-02-04 06:05:00+00:00,buy,76117.73985,76419.39119,1.3,0.2731677797887958,3,take_profit,chop_mean_rev,0.6548940664478152
2026-02-04 16:35:00+00:00,2026-02-04 17:25:00+00:00,buy,73180.77209999999,72622.83266617607,1.0,-0.6454215966836274,10,stop_loss,chop_mean_rev,0.6471498721814732
2026-02-04 18:40:00+00:00,2026-02-04 21:40:00+00:00,sell,73923.71965,72930.2018775,0.8,0.7243243356667968,36,take_profit,chop_mean_rev,0.6285696618923103
2026-02-05 02:50:00+00:00,2026-02-05 02:55:00+00:00,buy,71783.37375,71248.45468295626,1.0,-0.6207381641035121,1,stop_loss,chop_mean_rev,0.6026470055842624
2026-02-05 09:10:00+00:00,2026-02-05 09:15:00+00:00,sell,71751.10650000001,71933.24743697322,1.3,-0.34885701413601694,1,stop_loss,chop_mean_rev,0.6847936279457556
2026-02-05 09:15:00+00:00,2026-02-05 10:45:00+00:00,sell,71751.90610000001,71194.05423750001,1.3,0.6137095721867496,18,take_profit,chop_mean_rev,0.6085805427769411
2026-02-05 20:20:00+00:00,2026-02-05 20:25:00+00:00,buy,64074.8214,63838.902520859956,1.5,-0.46900067023884107,1,stop_loss,chop_mean_rev,0.7070310746589804
2026-02-05 20:25:00+00:00,2026-02-05 20:35:00+00:00,buy,63862.51529999999,63342.74974309802,1.0,-0.5960887159278286,2,stop_loss,chop_mean_rev,0.6304219928567154
2026-02-06 05:10:00+00:00,2026-02-06 05:35:00+00:00,sell,65476.8452,65879.23632115075,1.4,-0.6736866780888079,5,stop_loss,chop_mean_rev,0.6264124769278968
2026-02-06 09:35:00+00:00,2026-02-06 10:20:00+00:00,sell,65699.9336,66205.96714514619,1.1,-0.6436947941526023,9,stop_loss,chop_mean_rev,0.5908276934561589
2026-02-06 22:25:00+00:00,2026-02-06 22:35:00+00:00,sell,70752.30615,71048.25359640486,1.3,-0.49533611692850654,2,stop_loss,chop_mean_rev,0.634181466620502
2026-02-06 22:35:00+00:00,2026-02-06 22:45:00+00:00,sell,71170.09715,71356.34131392498,1.3,-0.3532880351043273,2,stop_loss,chop_mean_rev,0.6645921629826157
2026-02-07 01:50:00+00:00,2026-02-07 03:10:00+00:00,sell,70424.27025,70766.948551916,1.3,-0.5556109431562842,16,stop_loss,chop_mean_rev,0.6050947413949604
2026-02-07 04:00:00+00:00,2026-02-07 04:15:00+00:00,sell,71034.36505,71336.62205227395,1.3,-0.5039834728959124,3,stop_loss,chop_mean_rev,0.6040284554553631
2026-02-07 05:30:00+00:00,2026-02-07 05:50:00+00:00,buy,70316.24055,69887.50985952928,1.3,-0.6667088229313716,4,stop_loss,chop_mean_rev,0.5972422490608503
2026-02-07 12:10:00+00:00,2026-02-07 12:15:00+00:00,sell,68792.1867,68883.45601378162,1.3,-0.22603710923284207,1,stop_loss,chop_mean_rev,0.7045044619823564
2026-02-07 23:10:00+00:00,2026-02-07 23:20:00+00:00,buy,69070.21784999999,68808.91001441925,1.3,-0.4472459059892057,2,stop_loss,chop_mean_rev,0.5942724403559352
2026-02-08 08:00:00+00:00,2026-02-08 08:20:00+00:00,sell,69781.39185,69871.28287338915,1.3,-0.22578741669013996,4,stop_loss,chop_mean_rev,0.6893007420953042
2026-02-08 11:35:00+00:00,2026-02-08 11:50:00+00:00,sell,70814.575,71171.66797118634,1.3,-0.5749701320597709,3,stop_loss,chop_mean_rev,0.5871383208159463
2026-02-08 16:50:00+00:00,2026-02-08 18:15:00+00:00,buy,70357.46115,70996.92378000001,1.3,0.7210449987546118,17,take_profit,chop_mean_rev,0.6988382729988821
2026-02-08 18:35:00+00:00,2026-02-08 19:50:00+00:00,sell,71243.46045000001,71450.78657731532,1.3,-0.38082547819120105,15,stop_loss,chop_mean_rev,0.6451814732905055
2026-02-09 03:35:00+00:00,2026-02-09 03:40:00+00:00,sell,71033.96525000001,71317.37884997076,1.3,-0.4794717283599529,1,stop_loss,chop_mean_rev,0.6113020773664762
2026-02-09 03:40:00+00:00,2026-02-09 03:55:00+00:00,sell,71071.34655,71413.7045474866,1.3,-0.5562037365886203,3,stop_loss,chop_mean_rev,0.5827360402221422
2026-02-09 08:25:00+00:00,2026-02-09 08:30:00+00:00,buy,70088.52674999999,69931.59320503108,1.3,-0.3132293020245069,1,stop_loss,chop_mean_rev,0.6644867704197097
2026-02-09 10:25:00+00:00,2026-02-09 10:30:00+00:00,buy,69029.6976,68786.84767743293,1.3,-0.4232018046535856,1,stop_loss,chop_mean_rev,0.6300732880763337
2026-02-09 16:45:00+00:00,2026-02-09 17:00:00+00:00,sell,70044.96,70242.39685450114,1.3,-0.36609204919799093,3,stop_loss,chop_mean_rev,0.6997118268027513
2026-02-09 19:35:00+00:00,2026-02-09 19:50:00+00:00,sell,70840.26215,71026.10731181107,1.2,-0.32515798018578834,3,stop_loss,chop_mean_rev,0.6723634571744648
2026-02-10 00:20:00+00:00,2026-02-10 00:45:00+00:00,buy,69906.03555,69669.96232724353,1.3,-0.41576446792766497,5,stop_loss,chop_mean_rev,0.6065804508358615
2026-02-10 01:35:00+00:00,2026-02-10 02:40:00+00:00,sell,70355.50465,70053.7343625,1.2,0.2610296929109951,13,take_profit,chop_mean_rev,0.5620889581485635
2026-02-10 03:10:00+00:00,2026-02-10 03:15:00+00:00,buy,69834.09959999999,69539.56379121012,1.3,-0.491608008871967,1,stop_loss,chop_mean_rev,0.5782640882450562
2026-02-10 18:30:00+00:00,2026-02-10 18:45:00+00:00,buy,68792.1789,68670.21694799559,1.3,-0.2657712063671658,3,stop_loss,chop_mean_rev,0.6999093420406322
2026-02-11 00:30:00+00:00,2026-02-11 02:45:00+00:00,sell,69062.6514,68784.64513499998,1.3,0.2538872532027236,27,take_profit,chop_mean_rev,0.5810207757441668
2026-02-11 06:15:00+00:00,2026-02-11 06:45:00+00:00,buy,66885.2259,66728.35847351735,1.3,-0.30814625023879505,6,stop_loss,chop_mean_rev,0.6753450319551529
2026-02-11 23:20:00+00:00,2026-02-11 23:30:00+00:00,buy,66944.95575,66832.43967172774,1.3,-0.2506172701828757,2,stop_loss,chop_mean_rev,0.6897426632888608
2026-02-12 04:55:00+00:00,2026-02-12 05:10:00+00:00,buy,67019.2929,66785.13343698187,1.3,-0.4087747544664217,3,stop_loss,chop_mean_rev,0.6049827123520851
2026-02-12 22:50:00+00:00,2026-02-12 23:25:00+00:00,sell,66187.38975,66486.41767044833,1.3,-0.4922218663707698,7,stop_loss,chop_mean_rev,0.5867648130789714
2026-02-13 08:55:00+00:00,2026-02-13 09:30:00+00:00,sell,66629.16875,66908.32152571969,1.3,-0.46705785085065715,7,stop_loss,chop_mean_rev,0.5732603246400292
2026-02-13 15:10:00+00:00,2026-02-13 15:15:00+00:00,sell,68300.33275,68468.19782976087,1.3,-0.32490405754134655,1,stop_loss,chop_mean_rev,0.6868858316829409
2026-02-14 11:15:00+00:00,2026-02-14 11:20:00+00:00,sell,69985.58970000001,70084.65086733525,1.2,-0.2197239740107689,1,stop_loss,chop_mean_rev,0.6799710025313219
2026-02-14 21:10:00+00:00,2026-02-14 21:30:00+00:00,sell,70150.60715,69926.7909225,1.2,0.1677237463877907,4,take_profit,chop_mean_rev,0.618024852421575
2026-02-15 00:10:00+00:00,2026-02-15 00:45:00+00:00,buy,69712.13865,69544.09543933951,1.2,-0.30191634133690737,7,stop_loss,chop_mean_rev,0.5938374358362546
2026-02-15 07:20:00+00:00,2026-02-15 07:30:00+00:00,sell,70572.19625000001,70803.44769853241,1.2,-0.379292201881831,2,stop_loss,chop_mean_rev,0.583143635418813
2026-02-15 12:15:00+00:00,2026-02-15 12:20:00+00:00,buy,70179.6723,70306.479175,1.2,0.05101822093799373,1,take_profit,chop_mean_rev,0.5850424800570178
2026-02-15 21:10:00+00:00,2026-02-15 21:30:00+00:00,sell,68679.14325000001,68883.38760319131,1.2,-0.34413824604385934,4,stop_loss,chop_mean_rev,0.608876839008661
2026-02-15 23:10:00+00:00,2026-02-16 00:05:00+00:00,buy,68499.53265,68792.58150250002,1.2,0.25280830081023065,11,take_profit,chop_mean_rev,0.5905872068039896
2026-02-16 04:10:00+00:00,2026-02-16 04:15:00+00:00,sell,68562.30170000001,68750.15070583674,1.2,-0.3242837727362803,1,stop_loss,chop_mean_rev,0.5944207758525885
2026-02-16 23:55:00+00:00,2026-02-17 00:15:00+00:00,sell,68839.86285,68710.5030825,1.2,0.056195457528606656,4,take_profit,chop_mean_rev,0.5848744041507359
2026-02-17 02:00:00+00:00,2026-02-17 02:10:00+00:00,buy,68547.0564,68810.5225275,1.2,0.2172618961721955,2,take_profit,chop_mean_rev,0.673906924918409
2026-02-17 05:25:00+00:00,2026-02-17 05:35:00+00:00,buy,68041.10355,67863.03624835768,1.2,-0.3115317426256067,2,stop_loss,chop_mean_rev,0.6304700001077793
2026-02-18 01:05:00+00:00,2026-02-18 01:10:00+00:00,buy,67118.94269999999,66986.09451688705,1.3,-0.27730456707598355,1,stop_loss,chop_mean_rev,0.6613119925440145
2026-02-18 01:10:00+00:00,2026-02-18 01:30:00+00:00,buy,67111.73909999999,66885.50767798834,1.3,-0.39861870110198006,4,stop_loss,chop_mean_rev,0.5952995786644509
2026-02-18 03:40:00+00:00,2026-02-18 04:50:00+00:00,sell,67563.0016,67790.27197761151,1.2,-0.3701788101096906,14,stop_loss,chop_mean_rev,0.5661849939413992
2026-02-18 05:15:00+00:00,2026-02-18 05:30:00+00:00,sell,67862.35185,67690.73345249999,1.2,0.10834385558222008,3,take_profit,chop_mean_rev,0.6041459188055093
2026-02-18 15:40:00+00:00,2026-02-18 16:00:00+00:00,sell,68041.3623,67288.357365,1.2,0.8061685238411879,4,take_profit,chop_mean_rev,0.6749312724963976
2026-02-18 18:45:00+00:00,2026-02-18 18:50:00+00:00,buy,66515.8413,66227.96571990057,1.3,-0.47777842360477607,1,stop_loss,chop_mean_rev,0.6100460230255642
2026-02-18 18:50:00+00:00,2026-02-18 19:25:00+00:00,buy,66420.5937,66115.25895445868,1.3,-0.5003131342741897,7,stop_loss,chop_mean_rev,0.6064704153771787
2026-02-19 08:30:00+00:00,2026-02-19 08:50:00+00:00,buy,66864.91575,66788.54760729866,1.2,-0.18787226485885847,4,stop_loss,chop_mean_rev,0.7053871193690764
2026-02-19 11:55:00+00:00,2026-02-19 12:00:00+00:00,buy,66504.13544999999,66364.01806413311,1.3,-0.28578976136796413,1,stop_loss,chop_mean_rev,0.6397741234017571
2026-02-19 13:20:00+00:00,2026-02-19 13:30:00+00:00,buy,66167.6673,66050.32108756392,1.3,-0.2556801071092055,2,stop_loss,chop_mean_rev,0.669017741538695
2026-02-19 17:20:00+00:00,2026-02-19 17:50:00+00:00,sell,66763.8014,66377.262045,1.2,0.36798566031960095,6,take_profit,chop_mean_rev,0.6158252365732594
2026-02-19 22:00:00+00:00,2026-02-19 22:30:00+00:00,buy,66763.46505,66665.02113342458,1.2,-0.21420120994256447,6,stop_loss,chop_mean_rev,0.6845853287431457
2026-02-19 22:35:00+00:00,2026-02-19 22:55:00+00:00,buy,66701.63415,66885.26563750001,1.2,0.12417521715301175,4,take_profit,chop_mean_rev,0.5526140471610561
2026-02-20 00:15:00+00:00,2026-02-20 00:25:00+00:00,sell,67092.13715,67278.56564707133,1.2,-0.32046110249949245,2,stop_loss,chop_mean_rev,0.5877714332432356
2026-02-20 11:20:00+00:00,2026-02-20 11:40:00+00:00,buy,67797.48180000001,67556.25374023976,1.2,-0.38692836130127406,4,stop_loss,chop_mean_rev,0.5726510752795276
2026-02-21 08:15:00+00:00,2026-02-21 08:25:00+00:00,sell,67884.74065,67998.9488983251,1.2,-0.2348861544649137,2,stop_loss,chop_mean_rev,0.6121575972848641
2026-02-21 08:25:00+00:00,2026-02-21 08:55:00+00:00,sell,67913.0265,68051.90126566043,1.2,-0.264544466783785,6,stop_loss,chop_mean_rev,0.580092418625788
2026-02-21 14:25:00+00:00,2026-02-21 14:30:00+00:00,sell,68380.89245000001,68506.46427544206,1.2,-0.24924508737277817,1,stop_loss,chop_mean_rev,0.6462236447459427
2026-02-21 17:45:00+00:00,2026-02-21 18:15:00+00:00,sell,68364.6006,68518.31175113119,1.2,-0.28300907825023214,6,stop_loss,chop_mean_rev,0.5858411665031582
2026-02-21 18:20:00+00:00,2026-02-21 18:45:00+00:00,sell,68448.05885,68627.62449906001,1.2,-0.31417327088333347,5,stop_loss,chop_mean_rev,0.5757089185311245
2026-02-21 18:45:00+00:00,2026-02-21 20:40:00+00:00,sell,68551.80695000001,68405.055435,1.2,0.077492877082813,23,take_profit,chop_mean_rev,0.5659790991485859
2026-02-21 21:00:00+00:00,2026-02-21 22:40:00+00:00,buy,68286.42615,68061.77616917105,1.2,-0.36775068266454525,20,stop_loss,chop_mean_rev,0.5561432127863445
2026-02-21 22:45:00+00:00,2026-02-21 22:55:00+00:00,buy,68118.24209999999,67974.47008835914,1.2,-0.2705131667446331,2,stop_loss,chop_mean_rev,0.6120843939606733
2026-02-22 05:15:00+00:00,2026-02-22 06:00:00+00:00,buy,67906.5363,67937.4792675,1.2,-0.06067613020860095,9,take_profit,chop_mean_rev,0.5858261338557722
2026-02-22 06:30:00+00:00,2026-02-22 07:00:00+00:00,sell,68100.7326,67978.45224000001,1.2,0.04875941891518767,6,take_profit,chop_mean_rev,0.6965959057845867
2026-02-22 11:15:00+00:00,2026-02-22 12:05:00+00:00,sell,68147.20935,68099.29263,1.2,-0.04059741742558997,10,take_profit,chop_mean_rev,0.560869776968167
2026-02-22 17:40:00+00:00,2026-02-22 21:35:00+00:00,buy,67268.6175,67485.6652875,1.2,0.16343426139300832,47,take_profit,chop_mean_rev,0.6541062016471787
2026-02-23 12:30:00+00:00,2026-02-23 12:35:00+00:00,buy,65954.16059999999,66178.9489725,1.2,0.17461020810781655,1,take_profit,chop_mean_rev,0.6628749719340972
2026-02-23 16:05:00+00:00,2026-02-23 16:10:00+00:00,buy,65418.59295,65242.41794189246,1.2,-0.30548593757120696,1,stop_loss,chop_mean_rev,0.6699435529433648
2026-02-23 19:40:00+00:00,2026-02-23 20:10:00+00:00,buy,64210.6893,63853.55544719713,1.3,-0.5641641195465377,6,stop_loss,chop_mean_rev,0.5839189413336845
2026-02-25 03:20:00+00:00,2026-02-25 03:35:00+00:00,buy,65564.1657,65401.00719132632,1.2,-0.2900851348901725,3,stop_loss,chop_mean_rev,0.6684500318909512
2026-02-25 03:35:00+00:00,2026-02-25 04:00:00+00:00,buy,65486.5269,65142.80539074002,1.2,-0.5065189303613088,5,stop_loss,chop_mean_rev,0.570623586874886
2026-02-25 05:30:00+00:00,2026-02-25 05:35:00+00:00,buy,65029.2984,64901.55741034264,1.2,-0.24683940377227753,1,stop_loss,chop_mean_rev,0.6645162473562475
2026-02-25 05:35:00+00:00,2026-02-25 05:40:00+00:00,buy,64913.04029999999,64783.242489530836,1.2,-0.24913869617145107,1,stop_loss,chop_mean_rev,0.6621742285736815
2026-02-25 10:30:00+00:00,2026-02-25 11:05:00+00:00,buy,65373.170249999996,65236.16651623003,1.2,-0.25844320299564805,7,stop_loss,chop_mean_rev,0.6179138803309334
2026-02-25 11:10:00+00:00,2026-02-25 11:35:00+00:00,buy,65232.6,65392.677305000005,1.2,0.0980425663404074,5,take_profit,chop_mean_rev,0.6416583123632876
2026-02-25 12:20:00+00:00,2026-02-25 12:25:00+00:00,sell,65706.63025,65789.55474332298,1.2,-0.1941866451827666,1,stop_loss,chop_mean_rev,0.696438233912241
2026-02-25 12:25:00+00:00,2026-02-25 12:45:00+00:00,sell,65715.126,65901.79027876612,1.2,-0.3187613142400451,4,stop_loss,chop_mean_rev,0.6132737719714298
2026-02-25 18:30:00+00:00,2026-02-25 21:35:00+00:00,sell,69226.26955,69653.51034608913,1.1,-0.5616255304294604,37,stop_loss,chop_mean_rev,0.586124916667142
2026-02-25 22:45:00+00:00,2026-02-25 22:50:00+00:00,buy,68434.2,68163.29225937377,1.1,-0.3881528595800312,1,stop_loss,chop_mean_rev,0.6351039494912517
2026-02-25 22:50:00+00:00,2026-02-25 23:30:00+00:00,buy,68144.35515,68032.99229510747,1.1,-0.2123761896955578,8,stop_loss,chop_mean_rev,0.6968286858672129
2026-02-26 04:35:00+00:00,2026-02-26 05:05:00+00:00,sell,68650.45760000001,68304.104985,1.1,0.2905978651939118,6,take_profit,chop_mean_rev,0.5696490014736769
2026-02-26 11:50:00+00:00,2026-02-26 12:35:00+00:00,buy,68026.9965,68237.953955,1.1,0.14211833319971173,9,take_profit,chop_mean_rev,0.5595879961411085
2026-02-26 16:55:00+00:00,2026-02-26 18:30:00+00:00,buy,66655.51109999999,67090.647895,1.2,0.4258669195236156,19,take_profit,chop_mean_rev,0.622925657819921
2026-02-27 00:35:00+00:00,2026-02-27 00:45:00+00:00,buy,67130.64855,67005.9298266336,1.2,-0.24624080447085717,2,stop_loss,chop_mean_rev,0.6696460157896049
2026-02-27 01:05:00+00:00,2026-02-27 01:55:00+00:00,buy,66938.95275,67276.75979250002,1.2,0.3087331379694224,10,take_profit,chop_mean_rev,0.5946267969770642
2026-02-27 04:05:00+00:00,2026-02-27 04:10:00+00:00,sell,67699.63325,67972.78059458401,1.1,-0.3900058721798357,1,stop_loss,chop_mean_rev,0.585023734625251
2026-02-27 16:50:00+00:00,2026-02-27 17:10:00+00:00,buy,65604.5859,65380.83777096486,1.2,-0.3628072598852657,4,stop_loss,chop_mean_rev,0.6329434364249428
2026-02-27 20:20:00+00:00,2026-02-27 22:30:00+00:00,sell,65562.10255,65380.87409999999,1.2,0.12319519681200279,26,take_profit,chop_mean_rev,0.5808297771612784
2026-02-28 04:30:00+00:00,2026-02-28 05:35:00+00:00,buy,65605.7865,65466.96715048953,1.2,-0.2609556020409182,13,stop_loss,chop_mean_rev,0.6208719976045686
2026-02-28 18:00:00+00:00,2026-02-28 18:05:00+00:00,sell,65283.7418,65457.72482937594,1.2,-0.30291349122427497,1,stop_loss,chop_mean_rev,0.6487611569862184
2026-02-28 22:30:00+00:00,2026-02-28 22:35:00+00:00,sell,67201.78229999999,67444.61251225199,1.1,-0.35597985405328225,1,stop_loss,chop_mean_rev,0.6312019431969355
2026-02-28 22:35:00+00:00,2026-02-28 22:45:00+00:00,sell,67466.4499,67560.51959349443,1.1,-0.1925944627095772,2,stop_loss,chop_mean_rev,0.6975438935621693
2026-03-01 01:15:00+00:00,2026-03-01 01:45:00+00:00,buy,66209.98844999999,66725.6554825,1.1,0.47949621075456755,6,take_profit,chop_mean_rev,0.6684426681789428
2026-03-01 13:55:00+00:00,2026-03-01 14:00:00+00:00,sell,66864.95079999999,67072.39307476209,1.1,-0.31658514919565217,1,stop_loss,chop_mean_rev,0.6354922844001519
2026-03-01 16:50:00+00:00,2026-03-01 16:55:00+00:00,buy,66143.95545,66076.46223583196,1.1,-0.16150801125748526,1,stop_loss,chop_mean_rev,0.7089878880264114
2026-03-01 19:40:00+00:00,2026-03-01 20:05:00+00:00,buy,65812.99005000001,65609.9830876963,1.2,-0.33823289542359636,5,stop_loss,chop_mean_rev,0.6239550317076092
2026-03-01 22:15:00+00:00,2026-03-01 22:30:00+00:00,sell,66033.3668,65514.250754999994,1.1,0.4842062219137107,3,take_profit,chop_mean_rev,0.65228029725278
2026-03-02 00:45:00+00:00,2026-03-02 00:50:00+00:00,sell,66485.84045,66655.98055889388,1.1,-0.2750277216491301,1,stop_loss,chop_mean_rev,0.6827436500597215
2026-03-02 00:50:00+00:00,2026-03-02 01:10:00+00:00,sell,66472.9469,66834.1948570813,1.1,-0.4853554663491049,4,stop_loss,chop_mean_rev,0.6011527983574848
2026-03-02 03:25:00+00:00,2026-03-02 03:35:00+00:00,sell,66689.6385,67039.39971213225,1.1,-0.47299849856547727,2,stop_loss,chop_mean_rev,0.573105271358452
2026-03-02 03:35:00+00:00,2026-03-02 06:15:00+00:00,sell,66791.68745000001,66380.63373,1.1,0.3642653600212119,32,take_profit,chop_mean_rev,0.5710403509180328
2026-03-02 09:15:00+00:00,2026-03-02 09:20:00+00:00,sell,66464.45115,66682.4622809911,1.1,-0.327689206954665,1,stop_loss,chop_mean_rev,0.624668258978323
2026-03-02 13:00:00+00:00,2026-03-02 13:30:00+00:00,buy,65886.7269,65616.70569359235,1.1,-0.38381559256018344,6,stop_loss,chop_mean_rev,0.5622552231453812
2026-03-02 13:40:00+00:00,2026-03-02 13:50:00+00:00,buy,65600.28375,65311.1918470805,1.1,-0.40440266710552236,2,stop_loss,chop_mean_rev,0.5864194847009081
2026-03-02 23:40:00+00:00,2026-03-03 01:10:00+00:00,buy,68788.47705,69172.31154250001,1.1,0.33116382127896415,18,take_profit,chop_mean_rev,0.6170547428571861
2026-03-03 02:20:00+00:00,2026-03-03 03:20:00+00:00,buy,68389.5777,68186.87421055061,1.1,-0.3131142966552864,12,stop_loss,chop_mean_rev,0.6425492415015341
2026-03-03 04:50:00+00:00,2026-03-03 05:10:00+00:00,buy,68128.2471,68284.73555249999,1.1,0.08210472919934375,4,take_profit,chop_mean_rev,0.6205454070680865
2026-03-03 13:40:00+00:00,2026-03-03 14:20:00+00:00,buy,66861.61409999999,67243.3615,1.1,0.3314128561040083,8,take_profit,chop_mean_rev,0.5539365803820465
2026-03-03 21:05:00+00:00,2026-03-03 21:25:00+00:00,buy,68035.10055,67772.69192270366,1.1,-0.378282633057966,4,stop_loss,chop_mean_rev,0.6256852363705657
2026-03-03 23:10:00+00:00,2026-03-04 00:00:00+00:00,sell,68612.8764,68210.18805,1.1,0.3526539624629964,10,take_profit,chop_mean_rev,0.6433055956859662
2026-03-04 00:35:00+00:00,2026-03-04 01:30:00+00:00,buy,67943.85495,68287.35923999999,1.1,0.28794211763459693,11,take_profit,chop_mean_rev,0.6349572938778594
2026-03-04 05:45:00+00:00,2026-03-04 05:50:00+00:00,sell,68093.03645000001,68325.27948064105,1.1,-0.3455034222193658,1,stop_loss,chop_mean_rev,0.6244377243002718
2026-03-04 05:50:00+00:00,2026-03-04 06:30:00+00:00,sell,68308.12885000001,68420.91431110741,1.1,-0.21430517570447077,8,stop_loss,chop_mean_rev,0.6970716046587069
2026-03-04 06:35:00+00:00,2026-03-04 07:30:00+00:00,sell,68500.33270000001,68788.3412246911,1.1,-0.40741990195049455,11,stop_loss,chop_mean_rev,0.5955424414291067
2026-03-04 12:25:00+00:00,2026-03-04 12:45:00+00:00,buy,70626.8958,71073.42051250002,1.0,0.3615045227125169,4,take_profit,chop_mean_rev,0.5906369476922054
2026-03-04 21:00:00+00:00,2026-03-04 22:00:00+00:00,buy,73108.536,73431.60583,1.0,0.23514574490200768,12,take_profit,chop_mean_rev,0.5901433739330536
2026-03-04 22:55:00+00:00,2026-03-04 23:20:00+00:00,buy,72704.23395,72444.61732376578,1.0,-0.3467059369984753,5,stop_loss,chop_mean_rev,0.6085582046427689
2026-03-05 06:05:00+00:00,2026-03-05 06:50:00+00:00,buy,72107.43569999999,72557.92788750002,1.0,0.3636929693475291,9,take_profit,chop_mean_rev,0.6254972027372654
2026-03-05 13:25:00+00:00,2026-03-05 13:30:00+00:00,buy,72527.94584999999,72299.12486790516,1.0,-0.31571722452556805,1,stop_loss,chop_mean_rev,0.6205523914012445
2026-03-05 13:35:00+00:00,2026-03-05 14:30:00+00:00,buy,72384.67425,72719.85688250001,1.0,0.24811991382051474,11,take_profit,chop_mean_rev,0.6026039437055646
2026-03-05 15:25:00+00:00,2026-03-05 16:05:00+00:00,buy,71282.52345,70976.69386816752,1.0,-0.3911851122233701,8,stop_loss,chop_mean_rev,0.6453069253486449
2026-03-05 19:10:00+00:00,2026-03-05 19:20:00+00:00,sell,71296.13410000001,71393.79537094542,1.0,-0.18327522862797296,2,stop_loss,chop_mean_rev,0.7242107678351603
2026-03-05 23:35:00+00:00,2026-03-05 23:40:00+00:00,buy,70986.97575,70808.67814362056,1.0,-0.2633749987156063,1,stop_loss,chop_mean_rev,0.6180014230695342
2026-03-06 04:10:00+00:00,2026-03-06 04:30:00+00:00,buy,70900.93274999999,70748.90813000241,1.0,-0.23701452452558233,4,stop_loss,chop_mean_rev,0.6482860597479301
2026-03-06 04:35:00+00:00,2026-03-06 04:40:00+00:00,buy,70706.1354,70607.66944738601,1.0,-0.1832542355224192,1,stop_loss,chop_mean_rev,0.7009834300989403
2026-03-06 04:45:00+00:00,2026-03-06 05:10:00+00:00,buy,70561.0629,70348.36130759401,1.0,-0.2972472469305525,5,stop_loss,chop_mean_rev,0.63138567409114
2026-03-06 09:05:00+00:00,2026-03-06 09:10:00+00:00,buy,70663.41405,70537.95708012045,1.0,-0.21017779255762534,1,stop_loss,chop_mean_rev,0.6680214250275588
2026-03-06 09:10:00+00:00,2026-03-06 09:15:00+00:00,buy,70561.96334999999,70465.51531601977,1.0,-0.18106452117983673,1,stop_loss,chop_mean_rev,0.698171408565644
2026-03-06 09:15:00+00:00,2026-03-06 09:25:00+00:00,buy,70599.28199999999,70353.8200128809,1.0,-0.3300338483268238,2,stop_loss,chop_mean_rev,0.5824734485809907
2026-03-06 20:25:00+00:00,2026-03-06 21:40:00+00:00,buy,67835.7009,68131.67212250001,1.1,0.23582987855516233,15,take_profit,chop_mean_rev,0.6617774168752558
2026-03-06 21:45:00+00:00,2026-03-07 01:45:00+00:00,sell,68224.2708,68299.3326,1.1,-0.17267355824399544,48,max_hold_bars,chop_mean_rev,0.5749589373373427
2026-03-07 06:55:00+00:00,2026-03-07 07:00:00+00:00,buy,67688.8275,67575.3371908712,1.1,-0.21411368873765468,1,stop_loss,chop_mean_rev,0.6612777448056701
2026-03-07 10:10:00+00:00,2026-03-07 10:25:00+00:00,sell,68042.86155,67942.18911749999,1.1,0.020989542309461533,3,take_profit,chop_mean_rev,0.5971002434872347
2026-03-07 14:10:00+00:00,2026-03-07 14:35:00+00:00,buy,67762.16415,67879.3383525,1.1,0.03936823109834836,5,take_profit,chop_mean_rev,0.5894955023047416
2026-03-07 18:05:00+00:00,2026-03-07 18:10:00+00:00,buy,67625.796,67532.9843263478,1.1,-0.19129763603281624,1,stop_loss,chop_mean_rev,0.681905460092194
2026-03-07 18:15:00+00:00,2026-03-07 18:30:00+00:00,buy,67594.5804,67433.38384910513,1.1,-0.26643466238877506,3,stop_loss,chop_mean_rev,0.600071708208669
2026-03-08 16:30:00+00:00,2026-03-08 16:35:00+00:00,buy,66909.83819999998,66820.83254947417,1.1,-0.1861684582730448,1,stop_loss,chop_mean_rev,0.6964368408224605
2026-03-08 16:35:00+00:00,2026-03-08 16:55:00+00:00,buy,66946.2564,66731.58327081494,1.1,-0.32436781628630307,4,stop_loss,chop_mean_rev,0.582339368832988
2026-03-08 18:15:00+00:00,2026-03-08 19:10:00+00:00,buy,66802.78469999999,66952.65192749999,1.1,0.07657536207584889,11,take_profit,chop_mean_rev,0.6027622119636264
2026-03-08 19:30:00+00:00,2026-03-08 19:40:00+00:00,sell,67276.64485000001,67395.07470639091,1.1,-0.21915617693720366,2,stop_loss,chop_mean_rev,0.6666766288112301
2026-03-10 12:05:00+00:00,2026-03-10 12:10:00+00:00,buy,70388.9769,70280.52363611895,1.0,-0.1928549642027201,1,stop_loss,chop_mean_rev,0.6917195488320599
2026-03-10 12:10:00+00:00,2026-03-10 13:05:00+00:00,buy,70433.49915,70598.4481175,1.0,0.08032979913949315,11,take_profit,chop_mean_rev,0.5784247875868018
2026-03-10 13:20:00+00:00,2026-03-10 13:30:00+00:00,sell,70803.9803,70541.32803749999,1.0,0.17784507749750708,2,take_profit,chop_mean_rev,0.6538026814378517
2026-03-10 17:40:00+00:00,2026-03-10 17:45:00+00:00,buy,70679.62215,70551.66734899061,1.0,-0.2126935747087802,1,stop_loss,chop_mean_rev,0.7170582832768134
2026-03-10 18:10:00+00:00,2026-03-10 18:15:00+00:00,buy,70356.1605,70168.64187849221,1.0,-0.27183350293488,1,stop_loss,chop_mean_rev,0.6734010118541621
2026-03-10 18:15:00+00:00,2026-03-10 18:40:00+00:00,buy,70214.78984999999,69974.49916195129,1.0,-0.3244042614558697,5,stop_loss,chop_mean_rev,0.6515037461704369
2026-03-10 21:40:00+00:00,2026-03-10 21:45:00+00:00,buy,69746.2557,69590.80970549224,1.0,-0.23904823375104955,1,stop_loss,chop_mean_rev,0.6615170597045751
2026-03-10 21:45:00+00:00,2026-03-10 22:10:00+00:00,buy,69655.31025,69479.28228213565,1.0,-0.2595087233836233,5,stop_loss,chop_mean_rev,0.6516285936962206
2026-03-10 23:40:00+00:00,2026-03-11 00:10:00+00:00,sell,69848.85810000001,70076.26207431655,1.0,-0.31135904642112394,6,stop_loss,chop_mean_rev,0.5824427169520726
2026-03-11 02:40:00+00:00,2026-03-11 02:45:00+00:00,buy,69719.04209999999,69564.99649369232,1.0,-0.2376160294638862,1,stop_loss,chop_mean_rev,0.6491139271350566
2026-03-11 02:45:00+00:00,2026-03-11 03:20:00+00:00,buy,69730.74794999999,69494.0559551259,1.0,-0.32022687721715887,7,stop_loss,chop_mean_rev,0.582454874114993
2026-03-11 03:20:00+00:00,2026-03-11 04:25:00+00:00,buy,69528.5469,69791.66670999999,1.0,0.17952768183398926,13,take_profit,chop_mean_rev,0.5719054483116228
2026-03-11 04:30:00+00:00,2026-03-11 04:50:00+00:00,sell,69934.4153,70086.40756806322,1.0,-0.2360047617840678,4,stop_loss,chop_mean_rev,0.6449214658108632
2026-03-11 12:05:00+00:00,2026-03-11 12:30:00+00:00,buy,69046.80615,69422.681295,1.0,0.29279345253299816,5,take_profit,chop_mean_rev,0.6457568760486019
2026-03-11 17:00:00+00:00,2026-03-11 17:20:00+00:00,sell,70832.66595000001,71200.45345176446,1.0,-0.4530073734055133,4,stop_loss,chop_mean_rev,0.5952881045117285
2026-03-12 05:25:00+00:00,2026-03-12 05:40:00+00:00,buy,69252.10875,69365.10010000001,1.0,0.029821024690011147,3,take_profit,chop_mean_rev,0.5767410420566604
2026-03-12 07:35:00+00:00,2026-03-12 07:45:00+00:00,sell,69603.3809,69761.73590088126,1.0,-0.2419740709617887,2,stop_loss,chop_mean_rev,0.6058238193384576
2026-03-12 07:50:00+00:00,2026-03-12 08:15:00+00:00,sell,69754.60525000001,69937.06244548752,1.0,-0.2662721961048062,5,stop_loss,chop_mean_rev,0.6115308242575477
2026-03-12 14:45:00+00:00,2026-03-12 15:25:00+00:00,buy,69444.90509999999,70031.32182250002,1.0,0.5027309863465275,8,take_profit,chop_mean_rev,0.6360352981124806
2026-03-13 08:40:00+00:00,2026-03-13 09:50:00+00:00,sell,71877.2434,72023.38398507127,0.9,-0.20923286535207408,14,stop_loss,chop_mean_rev,0.6721231401658923
2026-03-13 12:50:00+00:00,2026-03-13 12:55:00+00:00,sell,72603.4801,72736.79874048351,0.9,-0.19847052700902384,1,stop_loss,chop_mean_rev,0.6800574198300134
2026-03-13 13:00:00+00:00,2026-03-13 13:15:00+00:00,sell,72729.21720000001,72944.49288955049,0.9,-0.27241192404378184,3,stop_loss,chop_mean_rev,0.6253149502023914
2026-03-13 22:05:00+00:00,2026-03-13 22:15:00+00:00,buy,70832.3985,70625.02881486053,1.0,-0.2922441415283797,2,stop_loss,chop_mean_rev,0.6235356742735757
2026-03-14 00:45:00+00:00,2026-03-14 01:35:00+00:00,buy,70571.16794999999,70482.33644568126,1.0,-0.17346360695614094,10,stop_loss,chop_mean_rev,0.699045141567864
2026-03-14 03:10:00+00:00,2026-03-14 03:15:00+00:00,sell,70911.3266,71071.44037897425,0.9,-0.22077309524547087,1,stop_loss,chop_mean_rev,0.5924844904498638
2026-03-14 03:35:00+00:00,2026-03-14 04:35:00+00:00,sell,71090.53695000001,71273.62684265006,0.9,-0.24165755183307805,12,stop_loss,chop_mean_rev,0.5995211142373342
2026-03-15 02:10:00+00:00,2026-03-15 02:20:00+00:00,sell,71231.66635000001,71340.8250502185,0.9,-0.1752319755527522,2,stop_loss,chop_mean_rev,0.6731576351876352
2026-03-15 13:10:00+00:00,2026-03-15 13:15:00+00:00,buy,71449.60694999999,71255.62759029947,0.9,-0.2516422503822289,1,stop_loss,chop_mean_rev,0.5848853031298191
2026-03-15 20:45:00+00:00,2026-03-15 21:30:00+00:00,sell,71737.51329999999,71945.95700915279,0.9,-0.2651884122044574,9,stop_loss,chop_mean_rev,0.5868062698994796
2026-03-16 13:35:00+00:00,2026-03-16 13:40:00+00:00,sell,74276.84300000001,74433.9229113129,0.9,-0.22167573377370883,1,stop_loss,chop_mean_rev,0.6670196259696651
2026-03-16 18:10:00+00:00,2026-03-16 19:00:00+00:00,sell,74134.61415,73809.80646,0.9,0.2124369338705882,10,take_profit,chop_mean_rev,0.5591923150292318
2026-03-17 10:10:00+00:00,2026-03-17 11:35:00+00:00,buy,73668.0156,74068.6521475,0.9,0.2807950921663551,17,take_profit,chop_mean_rev,0.6107482159196312
2026-03-17 11:35:00+00:00,2026-03-17 12:25:00+00:00,sell,74060.1514,73825.4993025,0.9,0.1313286363706519,10,take_profit,chop_mean_rev,0.6099266491338838
2026-03-17 14:55:00+00:00,2026-03-17 15:00:00+00:00,sell,74312.72505,74668.07849513259,0.9,-0.40026773453370956,1,stop_loss,chop_mean_rev,0.5843314427960222
2026-03-17 17:50:00+00:00,2026-03-17 18:35:00+00:00,sell,74430.1663,74705.39040234654,0.9,-0.3282348927311592,9,stop_loss,chop_mean_rev,0.5866373810414404
2026-03-18 00:20:00+00:00,2026-03-18 00:35:00+00:00,buy,73674.31874999999,73493.7276050912,0.9,-0.24200277544965765,3,stop_loss,chop_mean_rev,0.6349033810441507
2026-03-18 05:25:00+00:00,2026-03-18 05:50:00+00:00,buy,74060.4117,73838.01194883858,0.9,-0.2800249248156457,5,stop_loss,chop_mean_rev,0.567480777263517
2026-03-18 07:35:00+00:00,2026-03-18 08:05:00+00:00,buy,73726.6449,73933.1799175,0.9,0.10614521034855522,6,take_profit,chop_mean_rev,0.5854690843868925
2026-03-18 17:45:00+00:00,2026-03-18 18:00:00+00:00,sell,71634.5648,71864.29146970545,0.9,-0.28424338512055347,3,stop_loss,chop_mean_rev,0.6210598548656955
2026-03-19 03:20:00+00:00,2026-03-19 03:25:00+00:00,sell,71420.97165,71581.80718726222,0.9,-0.22197348410811715,1,stop_loss,chop_mean_rev,0.6420503888719741
2026-03-19 21:10:00+00:00,2026-03-19 21:30:00+00:00,sell,70608.678,70408.82682,0.9,0.10371660939719807,4,take_profit,chop_mean_rev,0.6064282483790749
2026-03-19 22:30:00+00:00,2026-03-19 22:35:00+00:00,buy,70222.8939,70091.70611180936,0.9,-0.19383889337795332,1,stop_loss,chop_mean_rev,0.6545596188070093
2026-03-19 22:40:00+00:00,2026-03-19 23:35:00+00:00,buy,70073.8194,69876.92786837443,0.9,-0.25277578198792516,11,stop_loss,chop_mean_rev,0.6179854928433001
2026-03-20 06:15:00+00:00,2026-03-20 06:40:00+00:00,buy,70487.0259,70280.96238452494,0.9,-0.2614718776011875,5,stop_loss,chop_mean_rev,0.5737848830363083
2026-03-20 07:00:00+00:00,2026-03-20 07:10:00+00:00,buy,70317.54119999999,70171.23621448803,0.9,-0.20753842676458814,2,stop_loss,chop_mean_rev,0.6307777501298911
2026-03-20 07:10:00+00:00,2026-03-20 07:20:00+00:00,buy,70283.7243,70453.58558500001,0.9,0.07687700916210567,2,take_profit,chop_mean_rev,0.6100823334224674
2026-03-20 13:35:00+00:00,2026-03-20 13:40:00+00:00,buy,70042.10355,69862.95488473454,0.9,-0.23678253029366764,1,stop_loss,chop_mean_rev,0.6444911253330743
2026-03-20 17:30:00+00:00,2026-03-20 17:35:00+00:00,buy,69546.756,69379.72821193606,0.9,-0.22534531073198544,1,stop_loss,chop_mean_rev,0.6536130109714791
2026-03-21 12:25:00+00:00,2026-03-21 14:10:00+00:00,sell,70699.33265,70865.27568184605,0.9,-0.22579361716064267,21,stop_loss,chop_mean_rev,0.5556282451260476
2026-03-21 23:30:00+00:00,2026-03-21 23:45:00+00:00,buy,70132.54875,69964.95403506751,0.9,-0.22648789494318008,3,stop_loss,chop_mean_rev,0.5733752672951853
2026-03-22 05:20:00+00:00,2026-03-22 06:00:00+00:00,buy,69160.7631,69045.03463292524,0.9,-0.1787867511430648,8,stop_loss,chop_mean_rev,0.6558575363445533
2026-03-22 08:30:00+00:00,2026-03-22 11:25:00+00:00,buy,68598.78224999999,68411.14481720413,0.9,-0.242859050132566,35,stop_loss,chop_mean_rev,0.6384592789089798
2026-03-22 11:50:00+00:00,2026-03-22 11:55:00+00:00,buy,68332.24905,68128.1226418409,0.9,-0.2574023680567774,1,stop_loss,chop_mean_rev,0.5837570320060496
2026-03-22 18:35:00+00:00,2026-03-22 18:40:00+00:00,buy,68457.6117,68385.3224925816,0.9,-0.13895547114054596,1,stop_loss,chop_mean_rev,0.7078703212172393
2026-03-22 18:40:00+00:00,2026-03-22 19:10:00+00:00,buy,68451.90884999999,68302.74451101982,0.9,-0.20809541789710884,6,stop_loss,chop_mean_rev,0.6242011732920997
2026-03-23 13:35:00+00:00,2026-03-23 13:50:00+00:00,sell,71079.94225000001,71566.6074368767,0.7,-0.4005771816821733,3,stop_loss,chop_mean_rev,0.5678054914942755
2026-03-23 13:50:00+00:00,2026-03-23 14:10:00+00:00,sell,71240.26205,71792.98937409045,0.6,-0.38312836496694075,4,stop_loss,chop_mean_rev,0.5583567192601657
2026-03-23 17:50:00+00:00,2026-03-23 20:00:00+00:00,sell,71036.76385,70596.3055125,0.9,0.3199306462942567,26,take_profit,chop_mean_rev,0.6011612065043379
2026-03-23 20:00:00+00:00,2026-03-23 20:35:00+00:00,buy,70657.81125,70912.6509375,0.9,0.15290766916875315,7,take_profit,chop_mean_rev,0.669579250909802
2026-03-24 05:05:00+00:00,2026-03-24 06:30:00+00:00,buy,70166.2656,70408.7929925,0.9,0.1423641216100567,17,take_profit,chop_mean_rev,0.6119649248038758
2026-03-24 13:25:00+00:00,2026-03-24 13:40:00+00:00,buy,70599.78224999999,70309.73499843835,0.9,-0.33713366571963455,3,stop_loss,chop_mean_rev,0.5803024183861698
2026-03-24 13:40:00+00:00,2026-03-24 13:45:00+00:00,buy,70308.23655,70168.51342537656,0.9,-0.2016082571478031,1,stop_loss,chop_mean_rev,0.6746619430409904
2026-03-24 16:40:00+00:00,2026-03-24 17:00:00+00:00,buy,69565.06515,69265.1109746132,0.9,-0.34492705295540765,4,stop_loss,chop_mean_rev,0.6036296403704516
2026-03-24 17:00:00+00:00,2026-03-24 17:40:00+00:00,buy,69302.13375,68946.12276687559,0.9,-0.39506394333107675,8,stop_loss,chop_mean_rev,0.5809486796505868
2026-03-25 05:10:00+00:00,2026-03-25 08:10:00+00:00,sell,71147.20860000001,70820.2274175,0.8,0.19344057671160558,36,take_profit,chop_mean_rev,0.661177270863529
2026-03-25 11:15:00+00:00,2026-03-25 11:25:00+00:00,sell,71628.3679,71822.07887029585,0.8,-0.2238249906864261,2,stop_loss,chop_mean_rev,0.6015201756828535
2026-03-25 15:10:00+00:00,2026-03-25 15:15:00+00:00,buy,70806.58559999999,70625.66614430174,0.9,-0.2392009260703522,1,stop_loss,chop_mean_rev,0.6522401027743053
2026-03-25 16:30:00+00:00,2026-03-25 17:15:00+00:00,sell,71354.30500000001,70994.2643925,0.8,0.2197051726916052,9,take_profit,chop_mean_rev,0.5840608453737324
2026-03-25 22:45:00+00:00,2026-03-25 23:25:00+00:00,sell,71306.42895000002,71445.88301374453,0.8,-0.18008436073821105,8,stop_loss,chop_mean_rev,0.659153259467289
2026-03-26 02:25:00+00:00,2026-03-26 02:30:00+00:00,buy,70906.93574999999,70745.62151748942,0.8,-0.19704461349685312,1,stop_loss,chop_mean_rev,0.6314008848709203
2026-03-26 02:30:00+00:00,2026-03-26 02:35:00+00:00,buy,70803.28395,70670.80991758672,0.8,-0.17388679098705978,1,stop_loss,chop_mean_rev,0.6540000375990674
2026-03-26 05:10:00+00:00,2026-03-26 05:15:00+00:00,buy,70575.97034999999,70494.13517691316,0.8,-0.13318178912238293,1,stop_loss,chop_mean_rev,0.7024338673075591
2026-03-26 11:30:00+00:00,2026-03-26 12:00:00+00:00,buy,69370.2678,69169.18272016723,0.9,-0.2557878751303867,6,stop_loss,chop_mean_rev,0.5813757531935466
2026-03-26 13:10:00+00:00,2026-03-26 13:25:00+00:00,sell,69426.76925,69383.0892075,0.9,-0.03564528531705316,3,take_profit,chop_mean_rev,0.6202937516228823
2026-03-26 15:15:00+00:00,2026-03-26 17:45:00+00:00,buy,68897.8317,68701.50157041813,0.9,-0.25100075658970644,30,stop_loss,chop_mean_rev,0.6558176770892451
2026-03-27 01:55:00+00:00,2026-03-27 02:10:00+00:00,sell,68967.49900000001,69177.42355990573,0.9,-0.263530362097495,3,stop_loss,chop_mean_rev,0.5745823580015944
2026-03-27 03:10:00+00:00,2026-03-27 04:00:00+00:00,buy,68759.1624,68564.62883309499,0.9,-0.24923505748038116,10,stop_loss,chop_mean_rev,0.5764942609645146
2026-03-28 06:20:00+00:00,2026-03-28 07:55:00+00:00,sell,66416.77500000001,66523.82993676039,0.9,-0.16813736975019414,19,stop_loss,chop_mean_rev,0.6481489216980703
2026-03-28 09:10:00+00:00,2026-03-28 09:35:00+00:00,buy,66338.65275,66186.91772071425,0.9,-0.20812533441135578,5,stop_loss,chop_mean_rev,0.564620502529558
2026-03-28 13:35:00+00:00,2026-03-28 13:40:00+00:00,sell,66612.8769,66686.07888110059,0.9,-0.13786321911232394,1,stop_loss,chop_mean_rev,0.6919526842470597
2026-03-28 22:00:00+00:00,2026-03-28 23:05:00+00:00,buy,66690.1284,66518.97998420417,0.9,-0.22596649274371994,13,stop_loss,chop_mean_rev,0.5771984582375171
2026-03-29 02:50:00+00:00,2026-03-29 03:15:00+00:00,sell,66753.50654999999,66888.3839597222,0.9,-0.1935562896252344,5,stop_loss,chop_mean_rev,0.6274179435648474
2026-03-29 05:05:00+00:00,2026-03-29 05:25:00+00:00,buy,66689.42805,66549.9517124149,0.9,-0.19747796889829716,4,stop_loss,chop_mean_rev,0.6039885608588685
2026-03-29 05:25:00+00:00,2026-03-29 05:50:00+00:00,buy,66644.80575,66743.67147,0.9,0.016949370301201444,5,take_profit,chop_mean_rev,0.567098523226016
2026-03-29 15:30:00+00:00,2026-03-29 15:35:00+00:00,buy,66430.49865,66309.72111205035,0.9,-0.18037950282618787,1,stop_loss,chop_mean_rev,0.6350715294704613
2026-03-30 02:10:00+00:00,2026-03-30 02:45:00+00:00,sell,66791.3876,67115.7107004314,0.9,-0.3642006234704932,7,stop_loss,chop_mean_rev,0.5788100006610993
2026-03-30 02:50:00+00:00,2026-03-30 04:05:00+00:00,sell,67096.33505,67424.66904137694,0.9,-0.3681419344485941,15,stop_loss,chop_mean_rev,0.5855405084765757
2026-03-30 04:55:00+00:00,2026-03-30 06:15:00+00:00,sell,67558.8037,67333.98016499999,0.8,0.11511029174481423,16,take_profit,chop_mean_rev,0.5663610494957667
2026-03-30 06:20:00+00:00,2026-03-30 07:50:00+00:00,buy,67311.73905,67494.65579000002,0.8,0.08162632247681209,18,take_profit,chop_mean_rev,0.6016325444584146
2026-03-30 08:05:00+00:00,2026-03-30 08:10:00+00:00,sell,67736.3149,67835.48344880478,0.8,-0.14440930225125076,1,stop_loss,chop_mean_rev,0.6783457089391132
2026-03-30 12:15:00+00:00,2026-03-30 13:20:00+00:00,sell,67842.8616,68027.5021667279,0.8,-0.21293022799035194,13,stop_loss,chop_mean_rev,0.6078137927422662
2026-03-30 19:25:00+00:00,2026-03-30 20:05:00+00:00,buy,66302.7348,66604.23622250001,0.9,0.1995815158978545,8,take_profit,chop_mean_rev,0.5640989482326629
2026-03-31 00:50:00+00:00,2026-03-31 01:15:00+00:00,sell,67079.8433,67301.33322642761,0.8,-0.24169490587477915,5,stop_loss,chop_mean_rev,0.6063202125970334
2026-03-31 07:15:00+00:00,2026-03-31 08:35:00+00:00,buy,67155.06074999999,67001.30146553177,0.8,-0.18740248143803298,16,stop_loss,chop_mean_rev,0.6335428152714575
2026-03-31 14:00:00+00:00,2026-03-31 14:15:00+00:00,sell,67254.5559,67623.60406491793,0.8,-0.35998004871750255,3,stop_loss,chop_mean_rev,0.5608027804386062
2026-03-31 16:45:00+00:00,2026-03-31 17:10:00+00:00,sell,67709.1285,67913.69372792667,0.8,-0.2287511370107369,5,stop_loss,chop_mean_rev,0.668750777007783
2026-04-01 04:45:00+00:00,2026-04-01 04:50:00+00:00,sell,68231.36725000001,68398.76891372187,0.8,-0.19950379633607387,1,stop_loss,chop_mean_rev,0.6064352212630673
2026-04-01 04:50:00+00:00,2026-04-01 05:15:00+00:00,sell,68265.75005,68449.26886014601,0.8,-0.2124382571936765,5,stop_loss,chop_mean_rev,0.5988208961258789
2026-04-01 05:20:00+00:00,2026-04-01 05:25:00+00:00,sell,68472.74650000001,68588.26400885949,0.8,-0.15820329213183992,1,stop_loss,chop_mean_rev,0.6751341065187176
2026-04-01 05:25:00+00:00,2026-04-01 06:05:00+00:00,sell,68527.61905,68675.2193058406,0.8,-0.1839375670832863,8,stop_loss,chop_mean_rev,0.6488630521236979
2026-04-01 21:25:00+00:00,2026-04-01 22:05:00+00:00,sell,68354.30575,68188.927425,0.8,0.0667619080759983,8,take_profit,chop_mean_rev,0.5707816217377131
2026-04-02 00:45:00+00:00,2026-04-02 00:50:00+00:00,sell,68408.57860000001,68574.42465916567,0.8,-0.19842868889692922,1,stop_loss,chop_mean_rev,0.625626527827269
2026-04-02 00:50:00+00:00,2026-04-02 00:55:00+00:00,sell,68560.40265,68646.01932876889,0.8,-0.13435242556491733,1,stop_loss,chop_mean_rev,0.696025608879116
2026-04-02 04:35:00+00:00,2026-04-02 06:15:00+00:00,buy,66286.82685,66598.3491675,0.8,0.18543296951159938,20,take_profit,chop_mean_rev,0.5809365788523936
2026-04-02 06:20:00+00:00,2026-04-02 07:50:00+00:00,sell,66677.8444,66930.66442025366,0.8,-0.2663881004366447,18,stop_loss,chop_mean_rev,0.5668733542887274
2026-04-02 07:50:00+00:00,2026-04-02 08:15:00+00:00,sell,66841.7624,66693.1449075,0.8,0.05479723849240695,5,take_profit,chop_mean_rev,0.5730368581523217
2026-04-02 11:55:00+00:00,2026-04-02 12:00:00+00:00,buy,66220.39365,66063.83298577348,0.8,-0.1887449601663867,1,stop_loss,chop_mean_rev,0.5997020480878583
2026-04-02 12:05:00+00:00,2026-04-02 12:15:00+00:00,buy,66144.95594999999,65979.80167342111,0.8,-0.19554330492234318,2,stop_loss,chop_mean_rev,0.6096587865922803
2026-04-02 16:45:00+00:00,2026-04-02 17:00:00+00:00,sell,67090.43800000001,66885.42599999999,0.8,0.09970118528001364,3,take_profit,chop_mean_rev,0.6538599873934315
2026-04-03 07:05:00+00:00,2026-04-03 07:25:00+00:00,sell,66835.5655,66951.34339251513,0.8,-0.1568400302805161,4,stop_loss,chop_mean_rev,0.6522229247652491
2026-04-03 11:40:00+00:00,2026-04-03 12:25:00+00:00,sell,66938.61395000001,67090.11662547206,0.8,-0.18553593105386312,9,stop_loss,chop_mean_rev,0.5947401247496208
2026-04-04 10:55:00+00:00,2026-04-04 11:00:00+00:00,sell,67118.92375,67211.15329093783,0.8,-0.1382620697299122,1,stop_loss,chop_mean_rev,0.6653934923125274
2026-04-05 01:00:00+00:00,2026-04-05 01:05:00+00:00,buy,67147.1568,67075.90249184058,0.8,-0.12143051498761903,1,stop_loss,chop_mean_rev,0.7006033547220565
2026-04-05 01:05:00+00:00,2026-04-05 01:30:00+00:00,buy,67154.26035,67042.05917728723,0.8,-0.15417517154331253,5,stop_loss,chop_mean_rev,0.6087241547500579
2026-04-05 09:00:00+00:00,2026-04-05 09:25:00+00:00,sell,66894.03625,67029.51630566543,0.8,-0.17266734975905756,5,stop_loss,chop_mean_rev,0.5755520549808322
2026-04-05 09:45:00+00:00,2026-04-05 10:35:00+00:00,sell,66984.2911,67117.49930507738,0.8,-0.17093542345633728,10,stop_loss,chop_mean_rev,0.583130848500601
2026-04-05 10:40:00+00:00,2026-04-05 11:25:00+00:00,sell,67034.6659,66998.452485,0.8,-0.03536516482479549,9,take_profit,chop_mean_rev,0.5929609515776633
2026-04-05 12:05:00+00:00,2026-04-05 12:30:00+00:00,buy,66934.6506,66801.54713754765,0.8,-0.17067614487589922,5,stop_loss,chop_mean_rev,0.5591015222174812
2026-04-06 12:10:00+00:00,2026-04-06 12:50:00+00:00,buy,69487.72649999999,69283.39066964152,0.8,-0.2300788005282025,8,stop_loss,chop_mean_rev,0.5699867984699056
2026-04-06 12:50:00+00:00,2026-04-06 13:35:00+00:00,buy,69392.07869999998,69190.14436791302,0.8,-0.22806693274217155,9,stop_loss,chop_mean_rev,0.556841069584701
2026-04-06 15:50:00+00:00,2026-04-06 16:45:00+00:00,sell,69862.55125,70137.97471687602,0.8,-0.2875390259649151,11,stop_loss,chop_mean_rev,0.5803854656413714
2026-04-06 21:35:00+00:00,2026-04-06 21:40:00+00:00,buy,69531.7485,69359.79463126852,0.8,-0.2042310356881913,1,stop_loss,chop_mean_rev,0.6005541418105029
2026-04-07 02:00:00+00:00,2026-04-07 02:35:00+00:00,buy,68414.19,68650.91737,0.8,0.12359064446239462,7,take_profit,chop_mean_rev,0.5610377655902007
2026-04-07 06:10:00+00:00,2026-04-07 08:00:00+00:00,buy,68537.95185,68688.99832,0.8,0.05496823991840092,22,take_profit,chop_mean_rev,0.5626226027637004
2026-04-07 08:15:00+00:00,2026-04-07 08:20:00+00:00,sell,68716.92435,68824.80870380788,0.8,-0.15232751491213176,1,stop_loss,chop_mean_rev,0.6594518928386214
2026-04-07 08:20:00+00:00,2026-04-07 08:25:00+00:00,sell,68799.48305,68869.97402550578,0.8,-0.12247411980087383,1,stop_loss,chop_mean_rev,0.7176429889149363
2026-04-07 08:40:00+00:00,2026-04-07 09:05:00+00:00,sell,68861.9518,69049.42836042159,0.8,-0.21617871081427723,5,stop_loss,chop_mean_rev,0.5891001833887278
2026-04-07 10:30:00+00:00,2026-04-07 10:35:00+00:00,buy,68719.24244999999,68547.9607214689,0.8,-0.20291364034717585,1,stop_loss,chop_mean_rev,0.6277474940147159
2026-04-07 14:10:00+00:00,2026-04-07 14:15:00+00:00,buy,67878.42225,67716.44763076052,0.8,-0.19466523293435017,1,stop_loss,chop_mean_rev,0.6550622314812813
2026-04-07 16:25:00+00:00,2026-04-07 17:35:00+00:00,sell,68322.52165,68547.37428003288,0.8,-0.2455796540727208,14,stop_loss,chop_mean_rev,0.6055019339479016
2026-04-08 16:20:00+00:00,2026-04-08 17:00:00+00:00,sell,71430.267,71706.06886589993,0.7,-0.25317856719362253,8,stop_loss,chop_mean_rev,0.592036580552812
2026-04-09 00:40:00+00:00,2026-04-09 00:50:00+00:00,buy,70810.28744999999,70589.92681245256,0.7,-0.21364053627343366,2,stop_loss,chop_mean_rev,0.5684651757672345
2026-04-09 01:05:00+00:00,2026-04-09 01:20:00+00:00,buy,70596.58065,70430.58960451602,0.7,-0.17542514334568599,3,stop_loss,chop_mean_rev,0.6286406115419919
2026-04-09 13:40:00+00:00,2026-04-09 13:45:00+00:00,buy,70876.4205,70785.33915842534,0.7,-0.12325487815879535,1,stop_loss,chop_mean_rev,0.7042831944128403
2026-04-09 13:45:00+00:00,2026-04-09 13:50:00+00:00,buy,70899.73215,70701.08152547362,0.7,-0.1985277789121604,1,stop_loss,chop_mean_rev,0.5990209752629095
2026-04-09 13:55:00+00:00,2026-04-09 14:15:00+00:00,buy,70811.7882,70537.12675911048,0.7,-0.25162955290548417,4,stop_loss,chop_mean_rev,0.563477815509162
2026-04-10 01:35:00+00:00,2026-04-10 01:40:00+00:00,sell,72214.37475,72301.00693971931,0.7,-0.12133899311320051,1,stop_loss,chop_mean_rev,0.7285410956528119
2026-04-10 01:40:00+00:00,2026-04-10 03:05:00+00:00,sell,72218.17285,71905.08457499999,0.7,0.1586300243815115,17,take_profit,chop_mean_rev,0.6386422123531835
2026-04-10 05:00:00+00:00,2026-04-10 05:20:00+00:00,sell,72059.5522,72189.74739674982,0.7,-0.1517213435555069,4,stop_loss,chop_mean_rev,0.6464527051806925
2026-04-10 06:50:00+00:00,2026-04-10 07:10:00+00:00,buy,71826.4953,71647.27440115284,0.7,-0.18571361246749188,4,stop_loss,chop_mean_rev,0.6035183004010182
2026-04-10 11:10:00+00:00,2026-04-10 11:15:00+00:00,sell,72033.46525000001,72156.31720486705,0.7,-0.14655607703797546,1,stop_loss,chop_mean_rev,0.6543731141796512
2026-04-10 11:15:00+00:00,2026-04-10 11:30:00+00:00,sell,72079.24235,72235.58849752374,0.7,-0.1700545322225792,3,stop_loss,chop_mean_rev,0.6249646580333591
2026-04-10 17:55:00+00:00,2026-04-10 18:05:00+00:00,sell,73049.95675,72860.62210499999,0.7,0.07125180838090696,2,take_profit,chop_mean_rev,0.63203545883053
2026-04-11 04:25:00+00:00,2026-04-11 05:15:00+00:00,buy,72730.84724999999,72567.07729113892,0.7,-0.1756640995100276,10,stop_loss,chop_mean_rev,0.5966738801945259
2026-04-11 16:00:00+00:00,2026-04-11 16:35:00+00:00,sell,72792.78540000001,72945.00450591695,0.7,-0.16776324590234434,7,stop_loss,chop_mean_rev,0.5835758821420747
2026-04-11 16:45:00+00:00,2026-04-11 16:50:00+00:00,sell,73071.94575,73155.53267087441,0.7,-0.11992638554885535,1,stop_loss,chop_mean_rev,0.6943027879204664
2026-04-11 23:10:00+00:00,2026-04-12 00:00:00+00:00,buy,73055.60955000001,72815.39720235935,0.7,-0.22941446618445005,10,stop_loss,chop_mean_rev,0.5843018647439588
2026-04-12 06:10:00+00:00,2026-04-12 07:00:00+00:00,sell,71722.121,71607.73597499999,0.7,0.01987097757050736,10,take_profit,chop_mean_rev,0.5627523197104893
2026-04-12 17:55:00+00:00,2026-04-12 18:15:00+00:00,sell,71069.6474,71188.41196243811,0.7,-0.1428835786389018,4,stop_loss,chop_mean_rev,0.6496494864410416
2026-04-12 20:10:00+00:00,2026-04-12 20:15:00+00:00,buy,71027.39594999999,70928.23540111112,0.7,-0.1290337493896788,1,stop_loss,chop_mean_rev,0.6411139735280738
2026-04-12 20:15:00+00:00,2026-04-12 20:30:00+00:00,buy,71030.39744999999,71047.08368750001,0.7,-0.04799217582773595,3,take_profit,chop_mean_rev,0.5806267489646513
2026-04-13 00:45:00+00:00,2026-04-13 04:45:00+00:00,sell,71068.448,70954.55955,0.7,0.020072251828998997,48,max_hold_bars,chop_mean_rev,0.5690297609891848
2026-04-13 06:20:00+00:00,2026-04-13 07:10:00+00:00,sell,71011.77635,70884.4495125,0.7,0.029532371387753047,10,take_profit,chop_mean_rev,0.562568715005161
2026-04-13 07:25:00+00:00,2026-04-13 08:40:00+00:00,buy,70718.04135,70550.05047618225,0.7,-0.17692621023941968,15,stop_loss,chop_mean_rev,0.6064161564687466
2026-04-14 02:10:00+00:00,2026-04-14 02:15:00+00:00,sell,74428.767,74621.89970773057,0.6,-0.16953786465311982,1,stop_loss,chop_mean_rev,0.5911253889273832
2026-04-14 05:50:00+00:00,2026-04-14 05:55:00+00:00,buy,74215.6893,74087.00411489197,0.6,-0.13060008069417803,1,stop_loss,chop_mean_rev,0.6263728165455983
2026-04-14 05:55:00+00:00,2026-04-14 06:15:00+00:00,buy,74221.29209999999,74291.12585499999,0.6,-0.011564217463800198,4,take_profit,chop_mean_rev,0.5767384990687967
2026-04-15 00:10:00+00:00,2026-04-15 01:05:00+00:00,sell,74466.24825,74710.50132006378,0.6,-0.20025547188348652,11,stop_loss,chop_mean_rev,0.608229676438816
2026-04-15 02:25:00+00:00,2026-04-15 02:30:00+00:00,buy,74333.54819999999,74207.87857440891,0.6,-0.12887668899343474,1,stop_loss,chop_mean_rev,0.6687198263858048
2026-04-15 02:35:00+00:00,2026-04-15 05:20:00+00:00,buy,74204.6838,74062.09987328126,0.6,-0.1389263981536254,33,stop_loss,chop_mean_rev,0.6585484882386048
2026-04-15 05:30:00+00:00,2026-04-15 05:35:00+00:00,buy,74010.5868,73886.16180597525,0.6,-0.1278978259130033,1,stop_loss,chop_mean_rev,0.6544763525034314
2026-04-15 08:30:00+00:00,2026-04-15 10:30:00+00:00,sell,74080.3413,73792.09260749999,0.6,0.11971513929330727,24,take_profit,chop_mean_rev,0.6493343669932604
2026-04-15 12:35:00+00:00,2026-04-15 13:35:00+00:00,sell,74383.5896,74068.8509175,0.6,0.13540033091369963,12,take_profit,chop_mean_rev,0.6815010572704725
2026-04-15 13:50:00+00:00,2026-04-15 14:15:00+00:00,buy,73851.40724999999,74157.0079475,0.6,0.13007738902890328,5,take_profit,chop_mean_rev,0.634467273496798
2026-04-15 15:35:00+00:00,2026-04-15 16:20:00+00:00,buy,73727.04509999999,74024.2843425,0.6,0.1251530669007086,9,take_profit,chop_mean_rev,0.5849504571399449
2026-04-15 19:05:00+00:00,2026-04-15 19:10:00+00:00,sell,74571.0958,74672.71690660794,0.6,-0.11470043653914365,1,stop_loss,chop_mean_rev,0.6813415171118291
2026-04-16 09:20:00+00:00,2026-04-16 09:40:00+00:00,sell,74795.08375,74691.1819275,0.6,0.008526037856102165,4,take_profit,chop_mean_rev,0.5640171459702907
2026-04-16 10:15:00+00:00,2026-04-16 10:45:00+00:00,buy,74330.54669999999,74236.24751850133,0.6,-0.11006355481785643,6,stop_loss,chop_mean_rev,0.6906216589019709
2026-04-16 15:35:00+00:00,2026-04-16 16:05:00+00:00,sell,74574.19425,74816.2059862272,0.6,-0.19898758582136147,6,stop_loss,chop_mean_rev,0.6422933741612803
2026-04-16 17:10:00+00:00,2026-04-16 18:00:00+00:00,buy,73958.26065,74389.16681,0.6,0.20513862211439915,10,take_profit,chop_mean_rev,0.5891030196133675
2026-04-16 21:25:00+00:00,2026-04-16 23:35:00+00:00,buy,74928.34545,75120.8957625,0.6,0.061512460663506276,26,take_profit,chop_mean_rev,0.5805576405401812
2026-04-17 01:45:00+00:00,2026-04-17 05:45:00+00:00,buy,74574.76875,74597.68250000001,0.6,-0.03995383244999581,48,max_hold_bars,chop_mean_rev,0.664253332911258
2026-04-17 06:40:00+00:00,2026-04-17 07:00:00+00:00,sell,74796.48305,74987.84341951553,0.6,-0.1687385792383451,4,stop_loss,chop_mean_rev,0.5673927160058501
2026-04-17 10:40:00+00:00,2026-04-17 12:10:00+00:00,buy,75167.1648,75627.6022825,0.6,0.2219763733502986,18,take_profit,chop_mean_rev,0.5731240717576491
2026-04-17 12:10:00+00:00,2026-04-17 12:25:00+00:00,sell,75610.47585,75865.6752004383,0.6,-0.2076510246411372,3,stop_loss,chop_mean_rev,0.5867545911763651
2026-04-17 12:50:00+00:00,2026-04-17 12:55:00+00:00,sell,76141.61015000001,76270.54584214788,0.6,-0.13222979144589864,1,stop_loss,chop_mean_rev,0.6818174877948213
2026-04-17 17:25:00+00:00,2026-04-17 21:25:00+00:00,buy,77245.90365,77375.09310000001,0.6,0.021850111170011916,48,max_hold_bars,chop_mean_rev,0.5761003682943832
